Layer,ModU,ModV,ECOND_eTX,ECONT_eTX,HD_LD,ModType,Motherboard
1,2,0,5,8,HD,gI,0
1,2,1,3,6,HD,dI,3
1,3,0,4,6,HD,FI,0
1,3,1,5,7,HD,FI,2
1,3,2,5,7,HD,FI,3
1,4,0,3,5,HD,FI,0
1,4,1,3,5,HD,FI,1
1,4,2,3,5,HD,FI,2
1,4,3,3,5,HD,FI,3
1,5,0,2,3,LD,FM,0
1,5,1,2,4,HD,FI,1
1,5,2,2,4,HD,FI,1
1,5,3,2,4,HD,FI,2
1,5,4,2,4,LD,FM,7
1,6,0,1,3,LD,FM,0
1,6,1,1,3,LD,FM,1
1,6,2,1,3,LD,FM,2
1,6,3,1,3,LD,FM,5
1,6,4,1,3,LD,FM,6
1,6,5,1,3,LD,FM,7
1,7,0,1,2,LD,FM,0
1,7,1,1,2,LD,FM,1
1,7,2,1,3,LD,FM,2
1,7,3,1,3,LD,FM,3
1,7,4,1,3,LD,FM,5
1,7,5,1,3,LD,FM,6
1,7,6,1,2,LD,FM,7
1,8,0,1,2,LD,FO,0
1,8,1,1,2,LD,FO,1
1,8,2,1,2,LD,FM,2
1,8,3,1,2,LD,FM,3
1,8,4,1,2,LD,FM,4
1,8,5,1,2,LD,FM,5
1,8,6,1,2,LD,FM,6
1,8,7,1,2,LD,FO,7
1,9,0,0,0,LD,cO,0
1,9,1,1,2,LD,FO,1
1,9,2,1,2,LD,FO,2
1,9,3,1,2,LD,FO,3
1,9,4,1,2,LD,FO,4
1,9,5,1,2,LD,FO,4
1,9,6,1,2,LD,FO,5
1,9,7,1,2,LD,FO,6
1,9,8,1,2,LD,bO,7
1,10,2,0,0,LD,cO,2
1,10,3,1,2,LD,aO,3
1,10,4,1,2,LD,bO,4
1,10,5,1,2,LD,dO,4
1,10,6,1,2,LD,bO,4
1,10,7,1,2,LD,aO,5
1,10,8,0,0,LD,cO,6
2,2,0,5,0,HD,gI,0
2,2,1,3,0,HD,dI,3
2,3,0,4,0,HD,FI,0
2,3,1,5,0,HD,FI,1
2,3,2,5,0,HD,FI,3
2,4,0,3,0,HD,FI,0
2,4,1,3,0,HD,FI,1
2,4,2,3,0,HD,FI,2
2,4,3,3,0,HD,FI,3
2,5,0,2,0,LD,FM,0
2,5,1,2,0,HD,FI,1
2,5,2,2,0,HD,FI,2
2,5,3,2,0,HD,FI,2
2,5,4,2,0,LD,FM,7
2,6,0,1,0,LD,FM,0
2,6,1,1,0,LD,FM,1
2,6,2,1,0,LD,FM,2
2,6,3,1,0,LD,FM,5
2,6,4,1,0,LD,FM,6
2,6,5,1,0,LD,FM,7
2,7,0,1,0,LD,FM,0
2,7,1,1,0,LD,FM,1
2,7,2,1,0,LD,FM,2
2,7,3,1,0,LD,FM,4
2,7,4,1,0,LD,FM,5
2,7,5,1,0,LD,FM,6
2,7,6,1,0,LD,FM,7
2,8,0,1,0,LD,FO,0
2,8,1,1,0,LD,FO,1
2,8,2,1,0,LD,FM,2
2,8,3,1,0,LD,FM,3
2,8,4,1,0,LD,FM,4
2,8,5,1,0,LD,FM,5
2,8,6,1,0,LD,FM,6
2,8,7,1,0,LD,FO,7
2,9,1,1,0,LD,aO,1
2,9,2,1,0,LD,bO,2
2,9,3,1,0,LD,FO,3
2,9,4,1,0,LD,FO,3
2,9,5,1,0,LD,FO,4
2,9,6,1,0,LD,FO,5
2,9,7,1,0,LD,bO,6
2,9,8,1,0,LD,aO,7
2,10,4,0,0,LD,cO,3
2,10,5,0,0,LD,cO,4
2,10,6,0,0,LD,cO,5
3,2,0,5,10,HD,gI,0
3,2,1,3,7,HD,dI,3
3,3,0,5,9,HD,FI,0
3,3,1,5,10,HD,FI,1
3,3,2,6,10,HD,FI,3
3,4,0,3,6,HD,FI,0
3,4,1,4,7,HD,FI,1
3,4,2,4,8,HD,FI,2
3,4,3,4,7,HD,FI,3
3,5,0,2,5,LD,FM,0
3,5,1,2,5,HD,FI,1
3,5,2,3,6,HD,FI,2
3,5,3,3,6,HD,FI,2
3,5,4,2,5,LD,FM,7
3,6,0,1,4,LD,FM,0
3,6,1,1,4,LD,FM,1
3,6,2,2,5,LD,FM,2
3,6,3,2,5,LD,FM,5
3,6,4,2,5,LD,FM,6
3,6,5,1,4,LD,FM,7
3,7,0,1,3,LD,FM,0
3,7,1,1,3,LD,FM,1
3,7,2,1,4,LD,FM,2
3,7,3,1,4,LD,FM,4
3,7,4,1,4,LD,FM,5
3,7,5,1,4,LD,FM,6
3,7,6,1,3,LD,FM,7
3,8,0,1,2,LD,FO,0
3,8,1,1,3,LD,FO,1
3,8,2,1,3,LD,FM,2
3,8,3,1,3,LD,FM,3
3,8,4,1,3,LD,FM,4
3,8,5,1,3,LD,FM,5
3,8,6,1,3,LD,FM,6
3,8,7,1,3,LD,FO,7
3,9,0,0,0,LD,cO,0
3,9,1,1,2,LD,FO,1
3,9,2,1,2,LD,FO,2
3,9,3,1,3,LD,FO,3
3,9,4,1,3,LD,FO,3
3,9,5,1,3,LD,FO,4
3,9,6,1,3,LD,FO,5
3,9,7,1,2,LD,FO,6
3,9,8,1,2,LD,bO,7
3,10,2,0,0,LD,cO,2
3,10,3,1,2,LD,aO,3
3,10,4,1,2,LD,bO,3
3,10,5,1,2,LD,dO,3
3,10,6,1,2,LD,bO,4
3,10,7,1,2,LD,aO,5
3,10,8,0,0,LD,cO,6
4,2,0,5,0,HD,gI,0
4,2,1,3,0,HD,dI,3
4,3,0,5,0,HD,FI,0
4,3,1,5,0,HD,FI,1
4,3,2,5,0,HD,FI,3
4,4,0,3,0,HD,FI,0
4,4,1,3,0,HD,FI,1
4,4,2,4,0,HD,FI,2
4,4,3,4,0,HD,FI,3
4,5,0,2,0,LD,FM,0
4,5,1,2,0,HD,FI,1
4,5,2,3,0,HD,FI,2
4,5,3,3,0,HD,FI,2
4,5,4,2,0,LD,FM,7
4,6,0,1,0,LD,FM,0
4,6,1,1,0,LD,FM,1
4,6,2,1,0,LD,FM,2
4,6,3,2,0,LD,FM,5
4,6,4,1,0,LD,FM,6
4,6,5,1,0,LD,FM,7
4,7,0,1,0,LD,FM,0
4,7,1,1,0,LD,FM,1
4,7,2,1,0,LD,FM,2
4,7,3,1,0,LD,FM,3
4,7,4,1,0,LD,FM,5
4,7,5,1,0,LD,FM,6
4,7,6,1,0,LD,FM,7
4,8,0,1,0,LD,FO,0
4,8,1,1,0,LD,FO,1
4,8,2,1,0,LD,FM,2
4,8,3,1,0,LD,FM,3
4,8,4,1,0,LD,FM,4
4,8,5,1,0,LD,FM,5
4,8,6,1,0,LD,FM,6
4,8,7,1,0,LD,FO,7
4,9,1,1,0,LD,aO,1
4,9,2,1,0,LD,FO,2
4,9,3,1,0,LD,FO,3
4,9,4,1,0,LD,FO,4
4,9,5,1,0,LD,FO,4
4,9,6,1,0,LD,FO,5
4,9,7,1,0,LD,FO,6
4,9,8,1,0,LD,aO,7
4,10,3,0,0,LD,cO,3
4,10,4,1,0,LD,dO,4
4,10,5,1,0,LD,dO,4
4,10,6,1,0,LD,dO,4
4,10,7,0,0,LD,cO,6
5,2,0,5,10,HD,gI,0
5,2,1,3,7,HD,dI,3
5,3,0,5,9,HD,FI,0
5,3,1,6,11,HD,FI,1
5,3,2,6,11,HD,FI,3
5,4,0,3,6,HD,FI,0
5,4,1,4,7,HD,FI,1
5,4,2,4,8,HD,FI,2
5,4,3,4,7,HD,FI,3
5,5,0,2,5,LD,FM,0
5,5,1,2,5,HD,FI,1
5,5,2,3,6,HD,FI,2
5,5,3,3,6,HD,FI,2
5,5,4,2,5,LD,FM,7
5,6,0,1,4,LD,FM,0
5,6,1,1,4,LD,FM,1
5,6,2,2,5,LD,FM,2
5,6,3,2,5,LD,FM,5
5,6,4,2,5,LD,FM,6
5,6,5,1,4,LD,FM,7
5,7,0,1,3,LD,FM,0
5,7,1,1,3,LD,FM,1
5,7,2,1,3,LD,FM,2
5,7,3,1,4,LD,FM,3
5,7,4,1,4,LD,FM,5
5,7,5,1,3,LD,FM,6
5,7,6,1,3,LD,FM,7
5,8,0,1,2,LD,FO,0
5,8,1,1,3,LD,FO,1
5,8,2,1,3,LD,FM,2
5,8,3,1,3,LD,FM,3
5,8,4,1,3,LD,FM,4
5,8,5,1,3,LD,FM,5
5,8,6,1,3,LD,FM,6
5,8,7,1,3,LD,FO,7
5,9,0,0,0,LD,cO,0
5,9,1,1,2,LD,FO,1
5,9,2,1,2,LD,FO,2
5,9,3,1,2,LD,FO,3
5,9,4,1,2,LD,FO,4
5,9,5,1,2,LD,FO,4
5,9,6,1,2,LD,FO,5
5,9,7,1,2,LD,FO,6
5,9,8,1,2,LD,bO,7
5,10,2,0,0,LD,cO,2
5,10,3,1,2,LD,aO,3
5,10,4,1,2,LD,bO,4
5,10,5,1,2,LD,dO,4
5,10,6,1,2,LD,bO,4
5,10,7,1,2,LD,aO,5
5,10,8,0,0,LD,cO,6
6,2,0,5,0,HD,gI,0
6,2,1,3,0,HD,dI,3
6,3,0,5,0,HD,FI,0
6,3,1,5,0,HD,FI,1
6,3,2,5,0,HD,FI,3
6,4,0,3,0,HD,FI,0
6,4,1,3,0,HD,FI,1
6,4,2,4,0,HD,FI,2
6,4,3,4,0,HD,FI,3
6,5,0,2,0,LD,FM,0
6,5,1,2,0,HD,FI,1
6,5,2,3,0,HD,FI,2
6,5,3,2,0,HD,FI,2
6,5,4,2,0,LD,FM,7
6,6,0,1,0,LD,FM,0
6,6,1,1,0,LD,FM,1
6,6,2,1,0,LD,FM,2
6,6,3,2,0,LD,FM,4
6,6,4,1,0,LD,FM,6
6,6,5,1,0,LD,FM,7
6,7,0,1,0,LD,FM,0
6,7,1,1,0,LD,FM,1
6,7,2,1,0,LD,FM,2
6,7,3,1,0,LD,FM,4
6,7,4,1,0,LD,FM,5
6,7,5,1,0,LD,FM,6
6,7,6,1,0,LD,FM,7
6,8,0,1,0,LD,FO,0
6,8,1,1,0,LD,FO,1
6,8,2,1,0,LD,FM,2
6,8,3,1,0,LD,FM,4
6,8,4,1,0,LD,FM,3
6,8,5,1,0,LD,FM,5
6,8,6,1,0,LD,FM,6
6,8,7,1,0,LD,FO,7
6,9,1,1,0,LD,aO,1
6,9,2,1,0,LD,FO,2
6,9,3,1,0,LD,FO,4
6,9,4,1,0,LD,FO,3
6,9,5,1,0,LD,FO,3
6,9,6,1,0,LD,FO,5
6,9,7,1,0,LD,FO,6
6,9,8,1,0,LD,aO,7
6,10,3,0,0,LD,cO,4
6,10,4,1,0,LD,dO,3
6,10,5,1,0,LD,dO,3
6,10,6,1,0,LD,dO,3
6,10,7,0,0,LD,cO,5
7,2,0,5,10,HD,gI,0
7,2,1,3,7,HD,dI,3
7,3,0,5,8,HD,FI,0
7,3,1,6,10,HD,FI,1
7,3,2,6,10,HD,FI,3
7,4,0,3,6,HD,FI,0
7,4,1,4,6,HD,FI,1
7,4,2,4,7,HD,FI,2
7,4,3,4,6,HD,FI,3
7,5,0,2,4,LD,FM,0
7,5,1,2,5,HD,FI,1
7,5,2,3,5,HD,FI,2
7,5,3,3,5,HD,FI,2
7,5,4,2,5,LD,FM,7
7,6,0,1,3,LD,FM,0
7,6,1,1,4,LD,FM,1
7,6,2,2,4,LD,FM,2
7,6,3,2,4,LD,FM,5
7,6,4,2,4,LD,FM,6
7,6,5,1,4,LD,FM,7
7,7,0,1,2,LD,FM,0
7,7,1,1,3,LD,FM,1
7,7,2,1,3,LD,FM,2
7,7,3,1,3,LD,FM,3
7,7,4,1,3,LD,FM,5
7,7,5,1,3,LD,FM,6
7,7,6,1,3,LD,FM,7
7,8,0,1,2,LD,FO,0
7,8,1,1,2,LD,FO,1
7,8,2,1,2,LD,FM,2
7,8,3,1,2,LD,FM,3
7,8,4,1,3,LD,FM,4
7,8,5,1,2,LD,FM,5
7,8,6,1,2,LD,FM,6
7,8,7,1,2,LD,FO,7
7,9,0,0,0,LD,cO,0
7,9,1,1,2,LD,FO,1
7,9,2,1,2,LD,FO,2
7,9,3,1,2,LD,FO,3
7,9,4,1,2,LD,FO,4
7,9,5,1,2,LD,FO,4
7,9,6,1,2,LD,FO,5
7,9,7,1,2,LD,FO,6
7,9,8,1,2,LD,bO,7
7,10,2,0,0,LD,cO,2
7,10,3,1,1,LD,aO,3
7,10,4,1,2,LD,bO,4
7,10,5,1,2,LD,dO,4
7,10,6,1,2,LD,bO,4
7,10,7,1,1,LD,aO,5
7,10,8,0,0,LD,cO,6
8,2,0,5,0,HD,gI,0
8,2,1,3,0,HD,dI,3
8,3,0,4,0,HD,FI,0
8,3,1,5,0,HD,FI,1
8,3,2,5,0,HD,FI,3
8,4,0,3,0,HD,FI,0
8,4,1,3,0,HD,FI,1
8,4,2,4,0,HD,FI,2
8,4,3,3,0,HD,FI,3
8,5,0,2,0,LD,FM,0
8,5,1,2,0,HD,FI,1
8,5,2,2,0,HD,FI,2
8,5,3,2,0,HD,FI,2
8,5,4,2,0,LD,FM,7
8,6,0,1,0,LD,FM,0
8,6,1,1,0,LD,FM,1
8,6,2,1,0,LD,FM,2
8,6,3,2,0,LD,FM,5
8,6,4,1,0,LD,FM,6
8,6,5,1,0,LD,FM,7
8,7,0,1,0,LD,FM,0
8,7,1,1,0,LD,FM,1
8,7,2,1,0,LD,FM,2
8,7,3,1,0,LD,FM,3
8,7,4,1,0,LD,FM,5
8,7,5,1,0,LD,FM,6
8,7,6,1,0,LD,FM,7
8,8,0,1,0,LD,FO,0
8,8,1,1,0,LD,FO,1
8,8,2,1,0,LD,FM,2
8,8,3,1,0,LD,FM,3
8,8,4,1,0,LD,FM,4
8,8,5,1,0,LD,FM,5
8,8,6,1,0,LD,FM,6
8,8,7,1,0,LD,FO,7
8,9,1,1,0,LD,aO,1
8,9,2,1,0,LD,FO,2
8,9,3,1,0,LD,FO,3
8,9,4,1,0,LD,FO,4
8,9,5,1,0,LD,FO,4
8,9,6,1,0,LD,FO,5
8,9,7,1,0,LD,FO,6
8,9,8,1,0,LD,aO,7
8,10,3,1,0,LD,dO,3
8,10,4,1,0,LD,dO,4
8,10,5,1,0,LD,dO,4
8,10,6,1,0,LD,dO,4
8,10,7,1,0,LD,dO,5
9,2,0,5,10,HD,gI,0
9,2,1,3,7,HD,dI,3
9,3,0,4,7,HD,FI,0
9,3,1,5,9,HD,FI,1
9,3,2,5,9,HD,FI,3
9,4,0,3,5,HD,FI,0
9,4,1,3,6,HD,FI,1
9,4,2,4,6,HD,FI,2
9,4,3,3,6,HD,FI,3
9,5,0,2,3,LD,FM,0
9,5,1,2,4,HD,FI,1
9,5,2,2,4,HD,FI,2
9,5,3,2,4,HD,FI,2
9,5,4,2,4,LD,FM,7
9,6,0,1,3,LD,FM,0
9,6,1,1,3,LD,FM,1
9,6,2,1,3,LD,FM,2
9,6,3,2,3,LD,FM,5
9,6,4,1,3,LD,FM,6
9,6,5,1,3,LD,FM,7
9,7,0,1,2,LD,FM,0
9,7,1,1,2,LD,FM,1
9,7,2,1,2,LD,FM,2
9,7,3,1,3,LD,FM,3
9,7,4,1,3,LD,FM,5
9,7,5,1,2,LD,FM,6
9,7,6,1,2,LD,FM,7
9,8,0,1,2,LD,FO,0
9,8,1,1,2,LD,FO,1
9,8,2,1,2,LD,FM,2
9,8,3,1,2,LD,FM,3
9,8,4,1,2,LD,FM,4
9,8,5,1,2,LD,FM,5
9,8,6,1,2,LD,FM,6
9,8,7,1,2,LD,FO,7
9,9,0,1,1,LD,aO,0
9,9,1,1,2,LD,FO,1
9,9,2,1,2,LD,FO,2
9,9,3,1,2,LD,FO,3
9,9,4,1,2,LD,FO,4
9,9,5,1,2,LD,FO,4
9,9,6,1,2,LD,FO,5
9,9,7,1,2,LD,FO,6
9,9,8,1,2,LD,FO,7
9,10,2,1,1,LD,aO,2
9,10,3,1,2,LD,bO,3
9,10,4,1,2,LD,FO,4
9,10,5,1,1,LD,dO,4
9,10,6,1,2,LD,FO,4
9,10,7,1,2,LD,bO,5
9,10,8,1,1,LD,aO,6
10,2,0,5,0,HD,gI,0
10,2,1,3,0,HD,dI,3
10,3,0,4,0,HD,FI,0
10,3,1,5,0,HD,FI,1
10,3,2,5,0,HD,FI,3
10,4,0,3,0,HD,FI,0
10,4,1,3,0,HD,FI,1
10,4,2,3,0,HD,FI,2
10,4,3,3,0,HD,FI,3
10,5,0,2,0,LD,FM,0
10,5,1,2,0,HD,FI,1
10,5,2,2,0,HD,FI,2
10,5,3,2,0,HD,FI,2
10,6,0,1,0,LD,FM,0
10,6,1,1,0,LD,FM,1
10,6,2,1,0,LD,FM,2
10,6,3,1,0,LD,FM,5
10,6,4,1,0,LD,FM,6
10,6,5,1,0,LD,FM,7
10,7,0,1,0,LD,FM,0
10,7,1,1,0,LD,FM,1
10,7,2,1,0,LD,FM,2
10,7,3,1,0,LD,FM,4
10,7,4,1,0,LD,FM,5
10,7,5,1,0,LD,FM,6
10,7,6,1,0,LD,FM,7
10,8,0,1,0,LD,FO,0
10,8,1,1,0,LD,FO,1
10,8,2,1,0,LD,FM,2
10,8,3,1,0,LD,FM,3
10,8,4,1,0,LD,FM,4
10,8,5,1,0,LD,FM,5
10,8,6,1,0,LD,FM,6
10,8,7,1,0,LD,FO,7
10,9,0,1,0,LD,aO,0
10,9,1,1,0,LD,bO,1
10,9,2,1,0,LD,FO,2
10,9,3,1,0,LD,FO,3
10,9,4,1,0,LD,FO,3
10,9,5,1,0,LD,FO,4
10,9,6,1,0,LD,FO,5
10,9,7,1,0,LD,FO,6
10,9,8,1,0,LD,bO,7
10,10,3,1,0,LD,dO,3
10,10,4,1,0,LD,dO,3
10,10,5,1,0,LD,dO,3
10,10,6,1,0,LD,dO,4
10,10,7,1,0,LD,dO,5
11,2,0,5,8,HD,gI,0
11,2,1,3,6,HD,dI,3
11,3,0,4,6,HD,FI,0
11,3,1,5,7,HD,FI,1
11,3,2,5,7,HD,FI,3
11,4,0,3,4,HD,FI,0
11,4,1,3,5,HD,FI,1
11,4,2,3,5,HD,FI,2
11,4,3,3,5,HD,FI,3
11,5,0,2,3,LD,FM,0
11,5,1,3,3,HD,FI,1
11,5,2,2,3,HD,FI,2
11,5,3,2,3,HD,FI,2
11,5,4,3,3,HD,FI,3
11,6,0,1,2,LD,FM,0
11,6,1,1,2,LD,FM,1
11,6,2,1,3,LD,FM,2
11,6,3,1,3,LD,FM,5
11,6,4,1,3,LD,FM,6
11,6,5,1,2,LD,FM,7
11,7,0,1,2,LD,FM,0
11,7,1,1,2,LD,FM,1
11,7,2,1,2,LD,FM,2
11,7,3,1,2,LD,FM,3
11,7,4,1,2,LD,FM,5
11,7,5,1,2,LD,FM,6
11,7,6,1,2,LD,FM,7
11,8,0,1,2,LD,FO,0
11,8,1,1,2,LD,FO,1
11,8,2,1,2,LD,FM,2
11,8,3,1,2,LD,FM,3
11,8,4,1,2,LD,FM,4
11,8,5,1,2,LD,FM,5
11,8,6,1,2,LD,FM,6
11,8,7,1,2,LD,FO,7
11,9,0,1,1,LD,aO,0
11,9,1,1,2,LD,FO,1
11,9,2,1,2,LD,FO,2
11,9,3,1,2,LD,FO,3
11,9,4,1,2,LD,FO,4
11,9,5,1,2,LD,FO,4
11,9,6,1,2,LD,FO,5
11,9,7,1,2,LD,FO,6
11,9,8,1,2,LD,FO,7
11,10,2,1,1,LD,aO,2
11,10,3,1,2,LD,bO,3
11,10,4,1,2,LD,FO,4
11,10,5,1,1,LD,dO,4
11,10,6,1,2,LD,FO,4
11,10,7,1,2,LD,bO,5
11,10,8,1,1,LD,aO,6
12,2,0,4,0,HD,gI,0
12,2,1,3,0,HD,dI,3
12,3,0,4,0,HD,FI,0
12,3,1,5,0,HD,FI,1
12,3,2,5,0,HD,FI,3
12,4,0,3,0,HD,FI,0
12,4,1,3,0,HD,FI,1
12,4,2,3,0,HD,FI,2
12,4,3,3,0,HD,FI,3
12,5,0,1,0,LD,FM,0
12,5,1,3,0,HD,FI,1
12,5,2,2,0,HD,FI,2
12,5,3,2,0,HD,FI,2
12,5,4,3,0,HD,FI,3
12,6,0,1,0,LD,FM,0
12,6,1,1,0,LD,FM,1
12,6,2,1,0,LD,FM,2
12,6,3,1,0,LD,FM,5
12,6,4,1,0,LD,FM,6
12,6,5,1,0,LD,FM,7
12,7,0,1,0,LD,FM,0
12,7,1,1,0,LD,FM,1
12,7,2,1,0,LD,FM,2
12,7,3,1,0,LD,FM,3
12,7,4,1,0,LD,FM,5
12,7,5,1,0,LD,FM,6
12,7,6,1,0,LD,FM,7
12,8,0,1,0,LD,FO,0
12,8,1,1,0,LD,FO,1
12,8,2,1,0,LD,FM,2
12,8,3,1,0,LD,FM,3
12,8,4,1,0,LD,FM,4
12,8,5,1,0,LD,FM,5
12,8,6,1,0,LD,FM,6
12,8,7,1,0,LD,FO,7
12,9,0,1,0,LD,aO,0
12,9,1,1,0,LD,bO,1
12,9,2,1,0,LD,FO,2
12,9,3,1,0,LD,FO,3
12,9,4,1,0,LD,FO,4
12,9,5,1,0,LD,FO,4
12,9,6,1,0,LD,FO,5
12,9,7,1,0,LD,FO,6
12,9,8,1,0,LD,bO,7
12,10,3,1,0,LD,aO,3
12,10,4,1,0,LD,bO,4
12,10,5,1,0,LD,dO,4
12,10,6,1,0,LD,bO,4
12,10,7,1,0,LD,aO,5
13,2,0,5,7,HD,gI,0
13,2,1,3,5,HD,dI,3
13,3,0,4,5,HD,FI,0
13,3,1,5,6,HD,FI,1
13,3,2,5,6,HD,FI,3
13,4,0,3,3,HD,FI,0
13,4,1,3,4,HD,FI,1
13,4,2,3,4,HD,FI,2
13,4,3,3,4,HD,FI,3
13,5,0,1,2,LD,FM,0
13,5,1,3,3,HD,FI,1
13,5,2,2,3,HD,FI,2
13,5,3,2,3,HD,FI,2
13,5,4,3,3,HD,FI,3
13,6,0,1,2,LD,FM,0
13,6,1,1,2,LD,FM,1
13,6,2,1,2,LD,FM,2
13,6,3,1,2,LD,FM,5
13,6,4,1,2,LD,FM,6
13,6,5,1,2,LD,FM,7
13,7,0,1,2,LD,FM,0
13,7,1,1,2,LD,FM,1
13,7,2,1,2,LD,FM,2
13,7,3,1,2,LD,FM,3
13,7,4,1,2,LD,FM,5
13,7,5,1,2,LD,FM,6
13,7,6,1,2,LD,FM,7
13,8,0,1,2,LD,FO,0
13,8,1,1,2,LD,FO,1
13,8,2,1,2,LD,FM,2
13,8,3,1,2,LD,FM,3
13,8,4,1,2,LD,FM,4
13,8,5,1,2,LD,FM,5
13,8,6,1,2,LD,FM,6
13,8,7,1,2,LD,FO,7
13,9,0,1,1,LD,aO,0
13,9,1,1,2,LD,FO,1
13,9,2,1,2,LD,FO,2
13,9,3,1,2,LD,FO,3
13,9,4,1,2,LD,FO,4
13,9,5,1,2,LD,FO,4
13,9,6,1,2,LD,FO,5
13,9,7,1,2,LD,FO,6
13,9,8,1,2,LD,FO,7
13,10,2,1,1,LD,aO,2
13,10,3,1,2,LD,bO,3
13,10,4,1,2,LD,FO,4
13,10,5,1,2,LD,bO,4
13,10,6,1,2,LD,FO,4
13,10,7,1,2,LD,bO,5
13,10,8,1,1,LD,aO,6
14,2,0,4,0,HD,gI,0
14,2,1,3,0,HD,dI,3
14,3,0,4,0,HD,FI,0
14,3,1,4,0,HD,FI,1
14,3,2,4,0,HD,FI,3
14,4,0,2,0,HD,FI,0
14,4,1,3,0,HD,FI,1
14,4,2,3,0,HD,FI,2
14,4,3,3,0,HD,FI,3
14,5,0,1,0,LD,FM,0
14,5,1,3,0,HD,FI,1
14,5,2,2,0,HD,FI,2
14,5,3,2,0,HD,FI,2
14,5,4,3,0,HD,FI,3
14,6,0,1,0,LD,FM,0
14,6,1,1,0,LD,FM,1
14,6,2,1,0,LD,FM,2
14,6,3,1,0,LD,FM,5
14,6,4,1,0,LD,FM,6
14,6,5,1,0,LD,FM,7
14,7,0,1,0,LD,FM,0
14,7,1,1,0,LD,FM,1
14,7,2,1,0,LD,FM,2
14,7,3,1,0,LD,FM,4
14,7,4,1,0,LD,FM,5
14,7,5,1,0,LD,FM,6
14,7,6,1,0,LD,FM,7
14,8,0,1,0,LD,FO,0
14,8,1,1,0,LD,FO,1
14,8,2,1,0,LD,FM,2
14,8,3,1,0,LD,FM,3
14,8,4,1,0,LD,FM,4
14,8,5,1,0,LD,FM,5
14,8,6,1,0,LD,FM,6
14,8,7,1,0,LD,FO,7
14,9,0,1,0,LD,aO,0
14,9,1,1,0,LD,FO,1
14,9,2,1,0,LD,FO,2
14,9,3,1,0,LD,FO,3
14,9,4,1,0,LD,FO,3
14,9,5,1,0,LD,FO,4
14,9,6,1,0,LD,FO,5
14,9,7,1,0,LD,FO,6
14,9,8,1,0,LD,FO,7
14,10,2,0,0,LD,cO,2
14,10,3,1,0,LD,dO,3
14,10,4,1,0,LD,bO,3
14,10,5,1,0,LD,bO,3
14,10,6,1,0,LD,bO,4
14,10,7,1,0,LD,dO,5
14,10,8,0,0,LD,cO,6
15,2,0,4,6,HD,gI,0
15,2,1,3,4,HD,dI,3
15,3,0,4,4,HD,FI,0
15,3,1,4,5,HD,FI,1
15,3,2,4,5,HD,FI,3
15,4,0,2,3,HD,FI,0
15,4,1,3,3,HD,FI,1
15,4,2,3,4,HD,FI,2
15,4,3,3,3,HD,FI,3
15,5,0,1,2,LD,FM,0
15,5,1,3,2,HD,FI,1
15,5,2,2,2,HD,FI,2
15,5,3,2,2,HD,FI,2
15,5,4,3,2,HD,FI,3
15,6,0,1,2,LD,FM,0
15,6,1,1,2,LD,FM,1
15,6,2,1,2,LD,FM,2
15,6,3,1,2,LD,FM,6
15,6,4,1,2,LD,FM,7
15,6,5,1,2,LD,FM,8
15,7,0,1,2,LD,FM,0
15,7,1,1,2,LD,FM,1
15,7,2,1,2,LD,FM,2
15,7,3,1,2,LD,FM,4
15,7,4,1,2,LD,FM,6
15,7,5,1,2,LD,FM,7
15,7,6,1,2,LD,FM,8
15,8,0,1,2,LD,FO,0
15,8,1,1,2,LD,FO,1
15,8,2,1,2,LD,FM,2
15,8,3,1,2,LD,FM,4
15,8,4,1,2,LD,FM,5
15,8,5,1,2,LD,FM,6
15,8,6,1,2,LD,FM,7
15,8,7,1,2,LD,FO,8
15,9,0,1,1,LD,aO,0
15,9,1,1,2,LD,FO,1
15,9,2,1,2,LD,FO,2
15,9,3,1,2,LD,FO,4
15,9,4,1,2,LD,FO,3
15,9,5,1,2,LD,FO,5
15,9,6,1,2,LD,FO,6
15,9,7,1,2,LD,FO,7
15,9,8,1,2,LD,FO,8
15,10,2,1,1,LD,aO,2
15,10,3,1,2,LD,FO,4
15,10,4,1,2,LD,FO,3
15,10,5,1,2,LD,bO,3
15,10,6,1,2,LD,FO,5
15,10,7,1,2,LD,FO,6
15,10,8,1,1,LD,aO,7
15,11,4,0,0,LD,cO,3
15,11,7,0,0,LD,cO,5
16,2,0,4,0,HD,gI,0
16,2,1,3,0,HD,dI,3
16,3,0,4,0,HD,FI,0
16,3,1,4,0,HD,FI,1
16,3,2,4,0,HD,FI,3
16,4,0,2,0,HD,FI,0
16,4,1,3,0,HD,FI,1
16,4,2,3,0,HD,FI,2
16,4,3,3,0,HD,FI,3
16,5,0,1,0,LD,FM,0
16,5,1,3,0,HD,FI,1
16,5,2,2,0,HD,FI,2
16,5,3,2,0,HD,FI,2
16,5,4,3,0,HD,FI,3
16,6,0,1,0,LD,FM,0
16,6,1,1,0,LD,FM,1
16,6,2,1,0,LD,FM,2
16,6,3,1,0,LD,FM,5
16,6,4,1,0,LD,FM,6
16,6,5,1,0,LD,FM,7
16,7,0,1,0,LD,FM,0
16,7,1,1,0,LD,FM,1
16,7,2,1,0,LD,FM,2
16,7,3,1,0,LD,FM,4
16,7,4,1,0,LD,FM,5
16,7,5,1,0,LD,FM,6
16,7,6,1,0,LD,FM,7
16,8,0,1,0,LD,FO,0
16,8,1,1,0,LD,FO,1
16,8,2,1,0,LD,FM,2
16,8,3,1,0,LD,FM,3
16,8,4,1,0,LD,FM,4
16,8,5,1,0,LD,FM,5
16,8,6,1,0,LD,FM,6
16,8,7,1,0,LD,FO,7
16,9,0,1,0,LD,aO,0
16,9,1,1,0,LD,FO,1
16,9,2,1,0,LD,FO,2
16,9,3,1,0,LD,FO,3
16,9,4,1,0,LD,FO,3
16,9,5,1,0,LD,FO,4
16,9,6,1,0,LD,FO,5
16,9,7,1,0,LD,FO,6
16,9,8,1,0,LD,FO,7
16,10,2,1,0,LD,aO,2
16,10,3,1,0,LD,bO,3
16,10,4,1,0,LD,bO,3
16,10,5,1,0,LD,bO,3
16,10,6,1,0,LD,bO,4
16,10,7,1,0,LD,bO,5
16,10,8,1,0,LD,aO,6
17,2,0,4,5,HD,gI,0
17,2,1,3,3,HD,dI,3
17,3,0,4,4,HD,FI,0
17,3,1,4,5,HD,FI,1
17,3,2,4,5,HD,FI,3
17,4,0,2,2,HD,FI,0
17,4,1,3,3,HD,FI,1
17,4,2,3,3,HD,FI,2
17,4,3,3,3,HD,FI,3
17,5,0,1,2,LD,FM,0
17,5,1,3,2,HD,FI,1
17,5,2,2,2,HD,FI,2
17,5,3,2,2,HD,FI,2
17,5,4,3,2,HD,FI,3
17,6,0,1,2,LD,FM,0
17,6,1,1,2,LD,FM,1
17,6,2,1,2,LD,FM,2
17,6,3,1,2,LD,FM,6
17,6,4,1,2,LD,FM,7
17,6,5,1,2,LD,FM,8
17,7,0,1,2,LD,FM,0
17,7,1,1,2,LD,FM,1
17,7,2,1,2,LD,FM,2
17,7,3,1,2,LD,FM,4
17,7,4,1,2,LD,FM,6
17,7,5,1,2,LD,FM,7
17,7,6,1,2,LD,FM,8
17,8,0,1,2,LD,FO,0
17,8,1,1,2,LD,FO,1
17,8,2,1,2,LD,FM,2
17,8,3,1,2,LD,FM,4
17,8,4,1,2,LD,FM,5
17,8,5,1,2,LD,FM,6
17,8,6,1,2,LD,FM,7
17,8,7,1,2,LD,FO,8
17,9,0,1,1,LD,aO,0
17,9,1,1,2,LD,FO,1
17,9,2,1,2,LD,FO,2
17,9,3,1,2,LD,FO,4
17,9,4,1,2,LD,FO,3
17,9,5,1,2,LD,FO,5
17,9,6,1,2,LD,FO,6
17,9,7,1,2,LD,FO,7
17,9,8,1,2,LD,FO,8
17,10,2,1,1,LD,aO,2
17,10,3,1,2,LD,FO,4
17,10,4,1,2,LD,FO,3
17,10,5,1,2,LD,bO,3
17,10,6,1,2,LD,FO,5
17,10,7,1,2,LD,FO,6
17,10,8,1,1,LD,aO,7
17,11,4,0,0,LD,cO,3
17,11,7,0,0,LD,cO,5
18,2,0,4,0,HD,gI,0
18,2,1,3,0,HD,dI,3
18,3,0,3,0,HD,FI,0
18,3,1,4,0,HD,FI,1
18,3,2,4,0,HD,FI,3
18,4,0,2,0,HD,FI,0
18,4,1,3,0,HD,FI,1
18,4,2,3,0,HD,FI,2
18,4,3,3,0,HD,FI,3
18,5,0,1,0,LD,FM,0
18,5,1,3,0,HD,FI,1
18,5,2,2,0,HD,FI,2
18,5,3,2,0,HD,FI,2
18,5,4,3,0,HD,FI,3
18,6,0,1,0,LD,FM,0
18,6,1,1,0,LD,FM,1
18,6,2,1,0,LD,FM,2
18,6,3,1,0,LD,FM,6
18,6,4,1,0,LD,FM,7
18,6,5,1,0,LD,FM,8
18,7,0,1,0,LD,FM,0
18,7,1,1,0,LD,FM,1
18,7,2,1,0,LD,FM,2
18,7,3,1,0,LD,FM,3
18,7,4,1,0,LD,FM,6
18,7,5,1,0,LD,FM,7
18,7,6,1,0,LD,FM,8
18,8,0,1,0,LD,FO,0
18,8,1,1,0,LD,FO,1
18,8,2,1,0,LD,FM,2
18,8,3,1,0,LD,FM,3
18,8,4,1,0,LD,FM,5
18,8,5,1,0,LD,FM,6
18,8,6,1,0,LD,FM,7
18,8,7,1,0,LD,FO,8
18,9,0,1,0,LD,aO,0
18,9,1,1,0,LD,FO,1
18,9,2,1,0,LD,FO,2
18,9,3,1,0,LD,FO,3
18,9,4,1,0,LD,FO,4
18,9,5,1,0,LD,FO,5
18,9,6,1,0,LD,FO,6
18,9,7,1,0,LD,FO,7
18,9,8,1,0,LD,FO,8
18,10,2,1,0,LD,aO,2
18,10,3,1,0,LD,bO,3
18,10,4,1,0,LD,bO,4
18,10,5,1,0,LD,bO,4
18,10,6,1,0,LD,bO,5
18,10,7,1,0,LD,bO,6
18,10,8,1,0,LD,aO,7
19,2,0,4,4,HD,gI,0
19,2,1,3,3,HD,dI,3
19,3,0,3,3,HD,FI,0
19,3,1,4,4,HD,FI,1
19,3,2,4,4,HD,FI,3
19,4,0,2,2,HD,FI,0
19,4,1,3,3,HD,FI,1
19,4,2,3,3,HD,FI,2
19,4,3,3,3,HD,FI,3
19,5,0,1,2,LD,FM,0
19,5,1,3,2,HD,FI,1
19,5,2,2,2,HD,FI,2
19,5,3,2,2,HD,FI,2
19,5,4,3,2,HD,FI,3
19,6,0,1,2,LD,FM,0
19,6,1,1,2,LD,FM,1
19,6,2,1,2,LD,FM,2
19,6,3,1,2,LD,FM,6
19,6,4,1,2,LD,FM,7
19,6,5,1,2,LD,FM,8
19,7,0,1,2,LD,FM,0
19,7,1,1,2,LD,FM,1
19,7,2,1,2,LD,FM,2
19,7,3,1,2,LD,FM,4
19,7,4,1,2,LD,FM,6
19,7,5,1,2,LD,FM,7
19,7,6,1,2,LD,FM,8
19,8,0,1,2,LD,FO,0
19,8,1,1,2,LD,FO,1
19,8,2,1,2,LD,FM,2
19,8,3,1,2,LD,FM,4
19,8,4,1,2,LD,FM,5
19,8,5,1,2,LD,FM,6
19,8,6,1,2,LD,FM,7
19,8,7,1,2,LD,FO,8
19,9,0,1,2,LD,bO,0
19,9,1,1,2,LD,FO,1
19,9,2,1,2,LD,FO,2
19,9,3,1,2,LD,FO,4
19,9,4,1,2,LD,FO,3
19,9,5,1,2,LD,FO,5
19,9,6,1,2,LD,FO,6
19,9,7,1,2,LD,FO,7
19,9,8,1,2,LD,FO,8
19,10,1,0,0,LD,cO,1
19,10,2,1,1,LD,aO,2
19,10,3,1,2,LD,FO,4
19,10,4,1,2,LD,FO,3
19,10,5,1,2,LD,bO,3
19,10,6,1,2,LD,FO,5
19,10,7,1,2,LD,FO,6
19,10,8,1,1,LD,aO,7
19,11,4,0,0,LD,cO,3
19,11,7,0,0,LD,cO,5
20,2,0,4,0,HD,gI,0
20,2,1,3,0,HD,dI,3
20,3,0,3,0,HD,FI,0
20,3,1,4,0,HD,FI,1
20,3,2,4,0,HD,FI,3
20,4,0,2,0,HD,FI,0
20,4,1,3,0,HD,FI,1
20,4,2,3,0,HD,FI,2
20,4,3,3,0,HD,FI,3
20,5,0,1,0,LD,FM,0
20,5,1,3,0,HD,FI,1
20,5,2,2,0,HD,FI,2
20,5,3,2,0,HD,FI,2
20,5,4,3,0,HD,FI,3
20,6,0,1,0,LD,FM,0
20,6,1,1,0,LD,FM,1
20,6,2,1,0,LD,FM,2
20,6,3,1,0,LD,FM,6
20,6,4,1,0,LD,FM,7
20,6,5,1,0,LD,FM,8
20,7,0,1,0,LD,FM,0
20,7,1,1,0,LD,FM,1
20,7,2,1,0,LD,FM,2
20,7,3,1,0,LD,FM,3
20,7,4,1,0,LD,FM,6
20,7,5,1,0,LD,FM,7
20,7,6,1,0,LD,FM,8
20,8,0,1,0,LD,FO,0
20,8,1,1,0,LD,FO,1
20,8,2,1,0,LD,FM,2
20,8,3,1,0,LD,FM,3
20,8,4,1,0,LD,FM,5
20,8,5,1,0,LD,FM,6
20,8,6,1,0,LD,FM,7
20,8,7,1,0,LD,FO,8
20,9,0,1,0,LD,aO,0
20,9,1,1,0,LD,FO,1
20,9,2,1,0,LD,FO,2
20,9,3,1,0,LD,FO,3
20,9,4,1,0,LD,FO,4
20,9,5,1,0,LD,FO,5
20,9,6,1,0,LD,FO,6
20,9,7,1,0,LD,FO,7
20,9,8,1,0,LD,FO,8
20,10,2,1,0,LD,aO,2
20,10,3,1,0,LD,bO,3
20,10,4,1,0,LD,FO,4
20,10,5,1,0,LD,bO,4
20,10,6,1,0,LD,FO,5
20,10,7,1,0,LD,bO,6
20,10,8,1,0,LD,aO,7
21,2,0,4,4,HD,gI,0
21,2,1,3,3,HD,dI,3
21,3,0,3,3,HD,FI,0
21,3,1,4,4,HD,FI,1
21,3,2,4,4,HD,FI,3
21,4,0,2,2,HD,FI,0
21,4,1,3,2,HD,FI,1
21,4,2,3,3,HD,FI,2
21,4,3,3,2,HD,FI,3
21,5,0,1,2,LD,FM,0
21,5,1,3,2,HD,FI,1
21,5,2,2,2,HD,FI,2
21,5,3,2,2,HD,FI,2
21,5,4,3,2,HD,FI,3
21,6,0,1,2,LD,FM,0
21,6,1,1,2,LD,FM,1
21,6,2,1,2,LD,FM,2
21,6,3,1,2,LD,FM,6
21,6,4,1,2,LD,FM,7
21,6,5,1,2,LD,FM,8
21,7,0,1,2,LD,FM,0
21,7,1,1,2,LD,FM,1
21,7,2,1,2,LD,FM,2
21,7,3,1,2,LD,FM,4
21,7,4,1,2,LD,FM,6
21,7,5,1,2,LD,FM,7
21,7,6,1,2,LD,FM,8
21,8,0,1,2,LD,FO,0
21,8,1,1,2,LD,FO,1
21,8,2,1,2,LD,FM,2
21,8,3,1,2,LD,FM,4
21,8,4,1,2,LD,FM,5
21,8,5,1,2,LD,FM,6
21,8,6,1,2,LD,FM,7
21,8,7,1,2,LD,FO,8
21,9,0,1,2,LD,bO,0
21,9,1,1,2,LD,FO,1
21,9,2,1,2,LD,FO,2
21,9,3,1,2,LD,FO,4
21,9,4,1,2,LD,FO,3
21,9,5,1,2,LD,FO,5
21,9,6,1,2,LD,FO,6
21,9,7,1,2,LD,FO,7
21,9,8,1,2,LD,FO,8
21,10,1,1,1,LD,aO,1
21,10,2,1,2,LD,bO,2
21,10,3,1,2,LD,FO,4
21,10,4,1,2,LD,FO,3
21,10,5,1,2,LD,bO,3
21,10,6,1,2,LD,FO,5
21,10,7,1,2,LD,FO,6
21,10,8,1,2,LD,bO,7
21,10,9,0,0,LD,cO,8
21,11,4,0,0,LD,cO,3
21,11,7,0,0,LD,cO,5
22,2,0,4,0,HD,gI,0
22,2,1,3,0,HD,dI,3
22,3,0,3,0,HD,FI,0
22,3,1,4,0,HD,FI,1
22,3,2,4,0,HD,FI,3
22,4,0,2,0,HD,FI,0
22,4,1,3,0,HD,FI,1
22,4,2,3,0,HD,FI,2
22,4,3,3,0,HD,FI,3
22,5,0,1,0,LD,FM,0
22,5,1,3,0,HD,FI,1
22,5,2,2,0,HD,FI,2
22,5,3,2,0,HD,FI,2
22,5,4,3,0,HD,FI,3
22,6,0,1,0,LD,FM,0
22,6,1,1,0,LD,FM,1
22,6,2,1,0,LD,FM,2
22,6,3,1,0,LD,FM,6
22,6,4,1,0,LD,FM,7
22,6,5,1,0,LD,FM,8
22,7,0,1,0,LD,FM,0
22,7,1,1,0,LD,FM,1
22,7,2,1,0,LD,FM,2
22,7,3,1,0,LD,FM,3
22,7,4,1,0,LD,FM,6
22,7,5,1,0,LD,FM,7
22,7,6,1,0,LD,FM,8
22,8,0,1,0,LD,FO,0
22,8,1,1,0,LD,FO,1
22,8,2,1,0,LD,FM,2
22,8,3,1,0,LD,FM,3
22,8,4,1,0,LD,FM,5
22,8,5,1,0,LD,FM,6
22,8,6,1,0,LD,FM,7
22,8,7,1,0,LD,FO,8
22,9,0,1,0,LD,aO,0
22,9,1,1,0,LD,FO,1
22,9,2,1,0,LD,FO,2
22,9,3,1,0,LD,FO,3
22,9,4,1,0,LD,FO,4
22,9,5,1,0,LD,FO,5
22,9,6,1,0,LD,FO,6
22,9,7,1,0,LD,FO,7
22,9,8,1,0,LD,FO,8
22,10,2,1,0,LD,aO,2
22,10,3,1,0,LD,bO,3
22,10,4,1,0,LD,FO,4
22,10,5,1,0,LD,bO,4
22,10,6,1,0,LD,FO,5
22,10,7,1,0,LD,bO,6
22,10,8,1,0,LD,aO,7
23,2,0,4,3,HD,gI,0
23,2,1,3,2,HD,dI,3
23,3,0,3,3,HD,FI,0
23,3,1,4,3,HD,FI,1
23,3,2,4,3,HD,FI,3
23,4,0,2,2,HD,FI,0
23,4,1,3,2,HD,FI,1
23,4,2,3,2,HD,FI,2
23,4,3,3,2,HD,FI,3
23,5,0,1,2,LD,FM,0
23,5,1,3,2,HD,FI,1
23,5,2,2,2,HD,FI,2
23,5,3,2,2,HD,FI,2
23,5,4,3,2,HD,FI,3
23,6,0,1,2,LD,FM,0
23,6,1,1,2,LD,FM,1
23,6,2,1,2,LD,FM,2
23,6,3,1,2,LD,FM,6
23,6,4,1,2,LD,FM,7
23,6,5,1,2,LD,FM,8
23,7,0,1,2,LD,FM,0
23,7,1,1,2,LD,FM,1
23,7,2,1,2,LD,FM,2
23,7,3,1,2,LD,FM,4
23,7,4,1,2,LD,FM,6
23,7,5,1,2,LD,FM,7
23,7,6,1,2,LD,FM,8
23,8,0,1,2,LD,FO,0
23,8,1,1,2,LD,FO,1
23,8,2,1,2,LD,FM,2
23,8,3,1,2,LD,FM,4
23,8,4,1,2,LD,FM,5
23,8,5,1,2,LD,FM,6
23,8,6,1,2,LD,FM,7
23,8,7,1,2,LD,FO,8
23,9,0,1,2,LD,bO,0
23,9,1,1,2,LD,FO,1
23,9,2,1,2,LD,FO,2
23,9,3,1,2,LD,FO,4
23,9,4,1,2,LD,FO,3
23,9,5,1,2,LD,FO,5
23,9,6,1,2,LD,FO,6
23,9,7,1,2,LD,FO,7
23,9,8,1,2,LD,FO,8
23,10,1,1,1,LD,aO,1
23,10,2,1,2,LD,bO,2
23,10,3,1,2,LD,FO,4
23,10,4,1,2,LD,FO,3
23,10,5,1,2,LD,bO,3
23,10,6,1,2,LD,FO,5
23,10,7,1,2,LD,FO,6
23,10,8,1,2,LD,bO,7
23,10,9,0,0,LD,cO,8
23,11,4,0,0,LD,cO,3
23,11,7,0,0,LD,cO,5
24,2,0,4,0,HD,gI,0
24,2,1,3,0,HD,dI,3
24,3,0,3,0,HD,FI,0
24,3,1,4,0,HD,FI,1
24,3,2,4,0,HD,FI,3
24,4,0,2,0,HD,FI,0
24,4,1,3,0,HD,FI,1
24,4,2,3,0,HD,FI,2
24,4,3,3,0,HD,FI,3
24,5,0,1,0,LD,FM,0
24,5,1,3,0,HD,FI,1
24,5,2,2,0,HD,FI,2
24,5,3,2,0,HD,FI,2
24,5,4,3,0,HD,FI,3
24,6,0,1,0,LD,FM,0
24,6,1,1,0,LD,FM,1
24,6,2,1,0,LD,FM,2
24,6,3,1,0,LD,FM,6
24,6,4,1,0,LD,FM,7
24,6,5,1,0,LD,FM,8
24,7,0,1,0,LD,FM,0
24,7,1,1,0,LD,FM,1
24,7,2,1,0,LD,FM,2
24,7,3,1,0,LD,FM,4
24,7,4,1,0,LD,FM,6
24,7,5,1,0,LD,FM,7
24,7,6,1,0,LD,FM,8
24,8,0,1,0,LD,FO,0
24,8,1,1,0,LD,FO,1
24,8,2,1,0,LD,FM,2
24,8,3,1,0,LD,FM,4
24,8,4,1,0,LD,FM,5
24,8,5,1,0,LD,FM,6
24,8,6,1,0,LD,FM,7
24,8,7,1,0,LD,FO,8
24,9,0,1,0,LD,bO,0
24,9,1,1,0,LD,FO,1
24,9,2,1,0,LD,FO,2
24,9,3,1,0,LD,FO,4
24,9,4,1,0,LD,FO,3
24,9,5,1,0,LD,FO,5
24,9,6,1,0,LD,FO,6
24,9,7,1,0,LD,FO,7
24,9,8,1,0,LD,FO,8
24,10,1,0,0,LD,cO,1
24,10,2,1,0,LD,aO,2
24,10,3,1,0,LD,FO,4
24,10,4,1,0,LD,FO,3
24,10,5,1,0,LD,bO,3
24,10,6,1,0,LD,FO,5
24,10,7,1,0,LD,FO,6
24,10,8,1,0,LD,aO,7
24,11,4,0,0,LD,cO,3
24,11,7,0,0,LD,cO,5
25,2,0,4,3,HD,gI,0
25,2,1,3,2,HD,dI,3
25,3,0,3,3,HD,FI,0
25,3,1,4,3,HD,FI,1
25,3,2,4,3,HD,FI,3
25,4,0,2,2,HD,FI,0
25,4,1,2,2,HD,FI,1
25,4,2,3,2,HD,FI,2
25,4,3,3,2,HD,FI,3
25,5,0,1,2,LD,FM,0
25,5,1,1,2,HD,FI,1
25,5,2,2,2,HD,FI,2
25,5,3,2,2,HD,FI,2
25,5,4,1,2,HD,FI,3
25,6,0,1,2,LD,FM,0
25,6,1,1,2,LD,FM,1
25,6,2,1,2,LD,FM,2
25,6,3,1,2,LD,FM,6
25,6,4,1,2,LD,FM,7
25,6,5,1,2,LD,FM,8
25,7,0,1,2,LD,FM,0
25,7,1,1,2,LD,FM,1
25,7,2,1,2,LD,FM,2
25,7,3,1,2,LD,FM,4
25,7,4,1,2,LD,FM,6
25,7,5,1,2,LD,FM,7
25,7,6,1,2,LD,FM,8
25,8,0,1,2,LD,FO,0
25,8,1,1,2,LD,FO,1
25,8,2,1,2,LD,FM,2
25,8,3,1,2,LD,FM,4
25,8,4,1,2,LD,FM,5
25,8,5,1,2,LD,FM,6
25,8,6,1,2,LD,FM,7
25,8,7,1,2,LD,FO,8
25,9,0,1,2,LD,bO,0
25,9,1,1,2,LD,FO,1
25,9,2,1,2,LD,FO,2
25,9,3,1,2,LD,FO,4
25,9,4,1,2,LD,FO,3
25,9,5,1,2,LD,FO,5
25,9,6,1,2,LD,FO,6
25,9,7,1,2,LD,FO,7
25,9,8,1,2,LD,FO,8
25,10,1,1,1,LD,aO,1
25,10,2,1,2,LD,FO,2
25,10,3,1,2,LD,FO,4
25,10,4,1,2,LD,FO,3
25,10,5,1,2,LD,FO,3
25,10,6,1,2,LD,FO,5
25,10,7,1,2,LD,FO,6
25,10,8,1,2,LD,FO,7
25,10,9,0,0,LD,cO,8
25,11,3,0,0,LD,cO,4
25,11,4,1,1,LD,dO,3
25,11,5,0,0,LD,cO,3
25,11,6,0,0,LD,cO,3
25,11,7,1,1,LD,dO,5
25,11,8,0,0,LD,cO,6
26,2,0,4,0,HD,gI,0
26,2,1,3,0,HD,dI,3
26,3,0,3,0,HD,FI,0
26,3,1,4,0,HD,FI,1
26,3,2,4,0,HD,FI,3
26,4,0,2,0,HD,FI,0
26,4,1,2,0,HD,FI,1
26,4,2,3,0,HD,FI,2
26,4,3,2,0,HD,FI,3
26,5,0,1,0,LD,FM,0
26,5,1,1,0,HD,FI,1
26,5,2,2,0,HD,FI,2
26,5,3,2,0,HD,FI,2
26,5,4,1,0,HD,FI,3
26,6,0,1,0,LD,FM,0
26,6,1,1,0,LD,FM,1
26,6,2,1,0,LD,FM,2
26,6,3,1,0,LD,FM,6
26,6,4,1,0,LD,FM,7
26,6,5,1,0,LD,FM,8
26,7,0,1,0,LD,FM,0
26,7,1,1,0,LD,FM,1
26,7,2,1,0,LD,FM,2
26,7,3,1,0,LD,FM,3
26,7,4,1,0,LD,FM,6
26,7,5,1,0,LD,FM,7
26,7,6,1,0,LD,FM,8
26,8,0,1,0,LD,FO,0
26,8,1,1,0,LD,FO,1
26,8,2,1,0,LD,FM,2
26,8,3,1,0,LD,FM,3
26,8,4,1,0,LD,FM,5
26,8,5,1,0,LD,FM,6
26,8,6,1,0,LD,FM,7
26,8,7,1,0,LD,FO,8
26,9,0,1,0,LD,bO,0
26,9,1,1,0,LD,FO,1
26,9,2,1,0,LD,FO,2
26,9,3,1,0,LD,FO,3
26,9,4,1,0,LD,FO,4
26,9,5,1,0,LD,FO,5
26,9,6,1,0,LD,FO,6
26,9,7,1,0,LD,FO,7
26,9,8,1,0,LD,FO,8
26,10,1,1,0,LD,aO,1
26,10,2,1,0,LD,bO,2
26,10,3,1,0,LD,FO,3
26,10,4,1,0,LD,FO,4
26,10,5,1,0,LD,FO,4
26,10,6,1,0,LD,FO,5
26,10,7,1,0,LD,FO,6
26,10,8,1,0,LD,bO,7
26,10,9,0,0,LD,cO,8
26,11,4,0,0,LD,cO,3
26,11,5,0,0,LD,cO,4
26,11,6,0,0,LD,cO,4
26,11,7,0,0,LD,cO,5
27,2,0,3,3,HD,gI,0
27,2,1,2,2,HD,dI,3
27,3,0,3,3,HD,FI,0
27,3,1,4,3,HD,FI,1
27,3,2,4,3,HD,FI,3
27,4,0,2,2,HD,FI,0
27,4,1,2,2,HD,FI,1
27,4,2,3,2,HD,FI,2
27,4,3,2,2,HD,FI,3
27,5,0,1,2,LD,FM,0
27,5,1,1,2,HD,FI,1
27,5,2,2,2,HD,FI,2
27,5,3,3,2,HD,FI,2
27,5,4,1,2,HD,FI,3
27,6,0,1,2,LD,FM,0
27,6,1,1,2,LD,FM,1
27,6,2,1,2,LD,FM,2
27,6,3,1,2,LD,FM,6
27,6,4,1,2,LD,FM,7
27,6,5,1,2,LD,FM,8
27,7,0,1,2,LD,FM,0
27,7,1,1,2,LD,FM,1
27,7,2,1,2,LD,FM,2
27,7,3,1,2,LD,FM,4
27,7,4,1,2,LD,FM,6
27,7,5,1,2,LD,FM,7
27,7,6,1,2,LD,FM,8
27,8,0,1,2,LD,FO,0
27,8,1,1,2,LD,FO,1
27,8,2,1,2,LD,FM,2
27,8,3,1,2,LD,FM,4
27,8,4,1,2,LD,FM,5
27,8,5,1,2,LD,FM,6
27,8,6,1,2,LD,FM,7
27,8,7,1,2,LD,FO,8
27,9,0,1,2,LD,FO,0
27,9,1,1,2,LD,FO,1
27,9,2,1,2,LD,FO,2
27,9,3,1,2,LD,FO,4
27,9,4,1,2,LD,FO,3
27,9,5,1,2,LD,FO,5
27,9,6,1,2,LD,FO,6
27,9,7,1,2,LD,FO,7
27,9,8,1,2,LD,FO,8
27,10,1,1,1,LD,aO,1
27,10,2,1,2,LD,FO,2
27,10,3,1,2,LD,FO,4
27,10,4,1,2,LD,FO,3
27,10,5,1,2,LD,FO,3
27,10,6,1,2,LD,FO,5
27,10,7,1,2,LD,FO,6
27,10,8,1,2,LD,FO,7
27,10,9,1,1,LD,aO,8
27,11,3,0,0,LD,cO,4
27,11,4,1,1,LD,dO,3
27,11,5,0,0,LD,cO,3
27,11,6,0,0,LD,cO,3
27,11,7,1,1,LD,dO,5
27,11,8,0,0,LD,cO,6
28,2,0,3,0,HD,gI,0
28,2,1,2,0,HD,dI,3
28,3,0,3,0,HD,FI,0
28,3,1,4,0,HD,FI,1
28,3,2,3,0,HD,FI,3
28,4,0,2,0,HD,FI,0
28,4,1,2,0,HD,FI,1
28,4,2,3,0,HD,FI,2
28,4,3,2,0,HD,FI,3
28,5,0,1,0,LD,FM,0
28,5,1,1,0,HD,FI,1
28,5,2,2,0,HD,FI,2
28,5,3,3,0,HD,FI,2
28,5,4,1,0,HD,FI,3
28,6,0,1,0,LD,FM,0
28,6,1,1,0,LD,FM,1
28,6,2,1,0,LD,FM,2
28,6,3,1,0,LD,FM,6
28,6,4,1,0,LD,FM,7
28,6,5,1,0,LD,FM,8
28,7,0,1,0,LD,FM,0
28,7,1,1,0,LD,FM,1
28,7,2,1,0,LD,FM,2
28,7,3,1,0,LD,FM,4
28,7,4,1,0,LD,FM,6
28,7,5,1,0,LD,FM,7
28,7,6,1,0,LD,FM,8
28,8,0,1,0,LD,FO,0
28,8,1,1,0,LD,FO,1
28,8,2,1,0,LD,FO,2
28,8,3,1,0,LD,FM,4
28,8,4,1,0,LD,FM,5
28,8,5,1,0,LD,FM,6
28,8,6,1,0,LD,FO,7
28,8,7,1,0,LD,FO,8
28,9,0,1,0,LD,FO,0
28,9,1,1,0,LD,FO,1
28,9,2,1,0,LD,FO,2
28,9,3,1,0,LD,FO,4
28,9,4,1,0,LD,FO,3
28,9,5,1,0,LD,FO,5
28,9,6,1,0,LD,FO,6
28,9,7,1,0,LD,FO,7
28,9,8,1,0,LD,FO,8
28,10,1,1,0,LD,aO,1
28,10,2,1,0,LD,bO,2
28,10,3,1,0,LD,FO,4
28,10,4,1,0,LD,FO,3
28,10,5,1,0,LD,FO,3
28,10,6,1,0,LD,FO,5
28,10,7,1,0,LD,FO,6
28,10,8,1,0,LD,bO,7
28,10,9,1,0,LD,aO,8
28,11,4,1,0,LD,dO,3
28,11,5,0,0,LD,cO,3
28,11,6,0,0,LD,cO,3
28,11,7,1,0,LD,dO,5
29,0,2,3,2,HD,FI,3
29,0,3,2,2,HD,FI,3
29,0,4,1,2,HD,FI,3
29,0,5,1,2,LD,FM,8
29,0,6,1,2,LD,FM,8
29,0,7,1,2,LD,FO,8
29,0,8,1,2,LD,FO,8
29,0,9,0,0,LD,cO,8
29,1,2,3,2,HD,bI,2
29,1,3,3,2,HD,FI,2
29,1,4,3,2,HD,FI,2
29,1,5,1,2,LD,FM,7
29,1,6,1,2,LD,FM,7
29,1,7,1,2,LD,FO,7
29,1,8,1,2,LD,FO,7
29,1,9,1,2,LD,FO,7
29,2,0,3,2,HD,aI,0
29,2,1,2,2,HD,aI,2
29,2,2,3,2,HD,FI,0
29,2,3,3,2,HD,FI,1
29,2,4,2,2,HD,FI,1
29,2,5,1,2,LD,FM,6
29,2,6,1,2,LD,FM,6
29,2,7,1,2,LD,FM,6
29,2,8,1,2,LD,FO,6
29,2,9,1,2,LD,FO,6
29,2,10,1,1,LD,aO,6
29,3,0,3,2,HD,FI,0
29,3,1,3,2,HD,FI,1
29,3,2,3,2,HD,FI,2
29,3,3,2,2,HD,FI,0
29,3,4,3,2,HD,FI,1
29,3,5,1,2,LD,FM,2
29,3,6,1,2,LD,FM,4
29,3,7,1,2,LD,FM,5
29,3,8,1,2,LD,FO,5
29,3,9,1,2,LD,FO,5
29,3,10,1,2,LD,bO,5
29,4,0,2,2,HD,FI,0
29,4,1,2,2,HD,FI,1
29,4,2,2,2,HD,FI,1
29,4,3,3,2,HD,FI,2
29,4,4,1,2,HD,FI,0
29,4,5,1,2,LD,FM,1
29,4,6,1,2,LD,FM,2
29,4,7,1,2,LD,FM,4
29,4,8,1,2,LD,FO,3
29,4,9,1,2,LD,FO,3
29,4,10,1,2,LD,FO,3
29,5,0,1,2,LD,FM,0
29,5,1,1,2,LD,FM,1
29,5,2,1,2,LD,FM,2
29,5,3,1,2,LD,FM,7
29,5,4,1,2,LD,FM,8
29,5,5,1,2,LD,FM,0
29,5,6,1,2,LD,FM,1
29,5,7,1,2,LD,FM,2
29,5,8,1,2,LD,FO,4
29,5,9,1,2,LD,FO,3
29,5,10,0,0,LD,cO,3
29,6,0,1,2,LD,FM,0
29,6,1,1,2,LD,FM,1
29,6,2,1,2,LD,FM,2
29,6,3,1,2,LD,FM,6
29,6,4,1,2,LD,FM,7
29,6,5,1,2,LD,FM,8
29,6,6,1,2,LD,FM,0
29,6,7,1,2,LD,FO,1
29,6,8,1,2,LD,FO,2
29,6,9,1,2,LD,FO,4
29,6,10,1,2,LD,FO,3
29,7,0,1,2,LD,FM,0
29,7,1,1,2,LD,FM,1
29,7,2,1,2,LD,FM,2
29,7,3,1,2,LD,FM,4
29,7,4,1,2,LD,FM,6
29,7,5,1,2,LD,FM,7
29,7,6,1,2,LD,FM,8
29,7,7,1,2,LD,FO,0
29,7,8,1,2,LD,FO,1
29,7,9,1,2,LD,FO,2
29,7,10,1,2,LD,bO,4
29,8,0,1,2,LD,FO,0
29,8,1,1,2,LD,FO,1
29,8,2,1,2,LD,FO,2
29,8,3,1,2,LD,FO,4
29,8,4,1,2,LD,FO,5
29,8,5,1,2,LD,FO,6
29,8,6,1,2,LD,FO,7
29,8,7,1,2,LD,FO,8
29,8,8,1,2,LD,FO,0
29,8,9,1,2,LD,FO,1
29,8,10,1,1,LD,aO,2
29,9,0,1,2,LD,FO,0
29,9,1,1,2,LD,FO,1
29,9,2,1,2,LD,FO,2
29,9,3,1,2,LD,FO,4
29,9,4,1,2,LD,FO,3
29,9,5,1,2,LD,FO,5
29,9,6,1,2,LD,FO,6
29,9,7,1,2,LD,FO,7
29,9,8,1,2,LD,FO,8
29,9,9,0,0,LD,cO,0
29,10,1,1,1,LD,aO,1
29,10,2,1,2,LD,FO,2
29,10,3,1,2,LD,FO,4
29,10,4,1,2,LD,bO,3
29,10,5,1,2,LD,bO,3
29,10,6,1,2,LD,FO,5
29,10,7,1,2,LD,FO,6
29,10,8,1,1,LD,aO,7
29,11,3,0,0,LD,cO,4
29,11,4,0,0,LD,cO,3
29,11,6,0,0,LD,cO,3
29,11,7,0,0,LD,cO,5
30,1,3,3,2,HD,aI,2
30,1,4,3,2,HD,FI,2
30,1,5,3,2,HD,FI,2
30,1,6,1,2,LD,FM,8
30,1,7,1,2,LD,FM,8
30,1,8,1,2,LD,FO,8
30,1,9,1,2,LD,FO,8
30,1,10,1,2,LD,FO,8
30,2,3,3,2,HD,aI,0
30,2,4,3,2,HD,FI,1
30,2,5,2,2,HD,FI,1
30,2,6,1,2,LD,FM,7
30,2,7,1,2,LD,FM,7
30,2,8,1,2,LD,FM,7
30,2,9,1,2,LD,FO,7
30,2,10,1,2,LD,FO,7
30,2,11,1,1,LD,aO,7
30,3,1,4,2,HD,FI,0
30,3,2,3,2,HD,bI,1
30,3,3,3,2,HD,FI,3
30,3,4,3,2,HD,FI,0
30,3,5,2,2,HD,FI,1
30,3,6,1,2,LD,FM,2
30,3,7,1,2,LD,FM,6
30,3,8,1,2,LD,FM,6
30,3,9,1,2,LD,FO,6
30,3,10,1,2,LD,FO,6
30,3,11,1,2,LD,FO,6
30,4,1,2,2,HD,FI,0
30,4,2,3,2,HD,FI,1
30,4,3,3,2,HD,FI,2
30,4,4,2,2,HD,FI,3
30,4,5,3,2,HD,FI,0
30,4,6,1,2,LD,FM,1
30,4,7,1,2,LD,FM,2
30,4,8,1,2,LD,FM,4
30,4,9,1,2,LD,FO,5
30,4,10,1,2,LD,FO,5
30,4,11,1,2,LD,FO,5
30,4,12,0,0,LD,cO,5
30,5,1,1,2,HD,FI,0
30,5,2,2,2,HD,FI,1
30,5,3,2,2,HD,FI,2
30,5,4,2,2,HD,FI,2
30,5,5,1,2,HD,FI,3
30,5,6,1,2,LD,FM,0
30,5,7,1,2,LD,FM,1
30,5,8,1,2,LD,FM,2
30,5,9,1,2,LD,FO,4
30,5,10,1,2,LD,FO,3
30,5,11,1,2,LD,FO,3
30,5,12,1,1,LD,dO,3
30,6,1,1,2,LD,FM,0
30,6,2,1,2,LD,FM,1
30,6,3,1,2,LD,FM,2
30,6,4,1,2,LD,FM,7
30,6,5,1,2,LD,FM,8
30,6,6,1,2,LD,FM,9
30,6,7,1,2,LD,FM,0
30,6,8,1,2,LD,FM,1
30,6,9,1,2,LD,FO,2
30,6,10,1,2,LD,FO,4
30,6,11,1,2,LD,FO,3
30,7,1,1,2,LD,FM,0
30,7,2,1,2,LD,FM,1
30,7,3,1,2,LD,FM,2
30,7,4,1,2,LD,FM,6
30,7,5,1,2,LD,FM,7
30,7,6,1,2,LD,FM,8
30,7,7,1,2,LD,FM,9
30,7,8,1,2,LD,FO,0
30,7,9,1,2,LD,FO,1
30,7,10,1,2,LD,FO,2
30,7,11,1,2,LD,FO,4
30,7,12,1,1,LD,dO,3
30,8,1,1,2,LD,FO,0
30,8,2,1,2,LD,FO,1
30,8,3,1,2,LD,FM,2
30,8,4,1,2,LD,FM,3
30,8,5,1,2,LD,FM,6
30,8,6,1,2,LD,FM,7
30,8,7,1,2,LD,FO,8
30,8,8,1,2,LD,FO,9
30,8,9,1,2,LD,FO,0
30,8,10,1,2,LD,FO,1
30,8,11,1,2,LD,FO,2
30,8,12,0,0,LD,cO,4
30,9,1,1,2,LD,FO,0
30,9,2,1,2,LD,FO,1
30,9,3,1,2,LD,FO,2
30,9,4,1,2,LD,FO,3
30,9,5,1,2,LD,FO,4
30,9,6,1,2,LD,FO,6
30,9,7,1,2,LD,FO,7
30,9,8,1,2,LD,FO,8
30,9,9,1,2,LD,FO,9
30,9,10,1,2,LD,FO,0
30,9,11,1,1,LD,aO,1
30,10,1,1,1,LD,aO,0
30,10,2,1,2,LD,FO,1
30,10,3,1,2,LD,FO,2
30,10,4,1,2,LD,FO,3
30,10,5,1,2,LD,FO,4
30,10,6,1,2,LD,FO,5
30,10,7,1,2,LD,FO,6
30,10,8,1,2,LD,FO,7
30,10,9,1,2,LD,FO,8
30,10,10,1,1,LD,aO,9
30,11,2,0,0,LD,cO,1
30,11,3,1,1,LD,aO,2
30,11,4,1,2,LD,FO,3
30,11,5,1,2,LD,FO,4
30,11,6,1,1,LD,dO,5
30,11,7,1,2,LD,FO,5
30,11,8,1,2,LD,FO,6
30,11,9,1,1,LD,aO,7
30,11,10,0,0,LD,cO,8
30,12,5,0,0,LD,cO,4
30,12,8,0,0,LD,cO,5
31,0,2,3,2,HD,FI,3
31,0,3,2,2,HD,FI,3
31,0,4,1,2,HD,FI,3
31,0,5,1,2,LD,FM,9
31,0,6,1,2,LD,FM,9
31,0,7,1,2,LD,FO,9
31,0,8,1,2,LD,FO,9
31,0,9,1,1,LD,aO,9
31,1,2,3,2,HD,bI,1
31,1,3,2,2,HD,FI,2
31,1,4,1,2,HD,FI,2
31,1,5,1,2,LD,FM,8
31,1,6,1,2,LD,FM,8
31,1,7,1,2,LD,FO,8
31,1,8,1,2,LD,FO,8
31,1,9,1,2,LD,FO,8
31,1,10,1,1,LD,aO,8
31,2,0,2,2,HD,aI,0
31,2,1,2,2,HD,aI,3
31,2,2,3,2,HD,FI,0
31,2,3,2,2,HD,FI,1
31,2,4,1,2,HD,FI,2
31,2,5,1,2,LD,FM,7
31,2,6,1,2,LD,FM,7
31,2,7,1,2,LD,FO,7
31,2,8,1,2,LD,FO,7
31,2,9,1,2,LD,FO,7
31,2,10,1,2,LD,bO,7
31,3,0,2,2,HD,FI,0
31,3,1,3,2,HD,FI,1
31,3,2,2,2,HD,FI,3
31,3,3,2,2,HD,FI,0
31,3,4,1,2,HD,FI,1
31,3,5,1,2,LD,FM,2
31,3,6,1,2,LD,FM,6
31,3,7,1,2,LD,FO,6
31,3,8,1,2,LD,FO,6
31,3,9,1,2,LD,FO,6
31,3,10,1,2,LD,FO,6
31,4,0,1,2,HD,FI,0
31,4,1,2,2,HD,FI,1
31,4,2,2,2,HD,FI,2
31,4,3,1,2,HD,FI,3
31,4,4,1,2,HD,FI,0
31,4,5,1,2,LD,FM,1
31,4,6,1,2,LD,FM,2
31,4,7,1,2,LD,FO,3
31,4,8,1,2,LD,FO,4
31,4,9,1,2,LD,FO,5
31,4,10,1,2,LD,FO,5
31,4,11,0,0,LD,cO,5
31,5,0,1,2,LD,FM,0
31,5,1,1,2,HD,FI,1
31,5,2,1,2,HD,FI,2
31,5,3,1,2,HD,FI,2
31,5,4,1,2,LD,FM,8
31,5,5,1,2,LD,FM,0
31,5,6,1,2,LD,FM,1
31,5,7,1,2,LD,FO,2
31,5,8,1,2,LD,FO,3
31,5,9,1,2,LD,FO,4
31,5,10,1,1,LD,dO,5
31,6,0,1,2,LD,FM,0
31,6,1,1,2,LD,FM,1
31,6,2,1,2,LD,FM,2
31,6,3,1,2,LD,FM,6
31,6,4,1,2,LD,FM,7
31,6,5,1,2,LD,FM,8
31,6,6,1,2,LD,FM,0
31,6,7,1,2,LD,FO,1
31,6,8,1,2,LD,FO,2
31,6,9,1,2,LD,FO,3
31,6,10,1,2,LD,FO,4
31,7,0,1,2,LD,FO,0
31,7,1,1,2,LD,FM,1
31,7,2,1,2,LD,FM,2
31,7,3,1,2,LD,FM,4
31,7,4,1,2,LD,FM,6
31,7,5,1,2,LD,FM,7
31,7,6,1,2,LD,FO,8
31,7,7,1,2,LD,FO,0
31,7,8,1,2,LD,FO,1
31,7,9,1,2,LD,FO,2
31,7,10,1,2,LD,FO,3
31,7,11,0,0,LD,cO,4
31,8,0,1,2,LD,FO,0
31,8,1,1,2,LD,FO,1
31,8,2,1,2,LD,FO,2
31,8,3,1,2,LD,FO,4
31,8,4,1,2,LD,FO,5
31,8,5,1,2,LD,FO,6
31,8,6,1,2,LD,FO,7
31,8,7,1,2,LD,FO,8
31,8,8,1,2,LD,FO,0
31,8,9,1,2,LD,FO,1
31,8,10,1,2,LD,bO,2
31,9,0,1,2,LD,FO,0
31,9,1,1,2,LD,FO,1
31,9,2,1,2,LD,FO,2
31,9,3,1,2,LD,FO,4
31,9,4,1,2,LD,FO,3
31,9,5,1,2,LD,FO,5
31,9,6,1,2,LD,FO,6
31,9,7,1,2,LD,FO,7
31,9,8,1,2,LD,FO,8
31,9,9,1,1,LD,aO,0
31,9,10,1,1,LD,aO,1
31,10,0,0,0,LD,cO,0
31,10,1,1,2,LD,FO,1
31,10,2,1,2,LD,FO,2
31,10,3,1,2,LD,FO,4
31,10,4,1,2,LD,FO,3
31,10,5,1,2,LD,FO,3
31,10,6,1,2,LD,FO,5
31,10,7,1,2,LD,FO,6
31,10,8,1,2,LD,FO,7
31,10,9,0,0,LD,cO,8
31,11,2,0,0,LD,cO,2
31,11,3,1,1,LD,dO,4
31,11,4,1,1,LD,dO,3
31,11,6,1,1,LD,dO,3
31,11,7,1,1,LD,dO,5
31,11,8,0,0,LD,cO,6
32,1,3,2,2,HD,aI,2
32,1,4,2,2,HD,FI,2
32,1,5,1,2,HD,FI,2
32,1,6,1,2,LD,FM,8
32,1,7,1,2,LD,FM,8
32,1,8,1,2,LD,FO,8
32,1,9,1,2,LD,FO,8
32,1,10,1,2,LD,FO,8
32,1,11,0,0,LD,cO,8
32,2,3,2,2,HD,aI,0
32,2,4,2,2,HD,FI,1
32,2,5,3,2,HD,FI,1
32,2,6,1,2,LD,FM,7
32,2,7,1,2,LD,FM,7
32,2,8,1,2,LD,FO,7
32,2,9,1,2,LD,FO,7
32,2,10,1,2,LD,FO,7
32,2,11,1,2,LD,FO,7
32,3,1,3,2,HD,FI,0
32,3,2,3,2,HD,bI,1
32,3,3,3,2,HD,FI,3
32,3,4,2,2,HD,FI,0
32,3,5,3,2,HD,FI,1
32,3,6,1,2,LD,FM,2
32,3,7,1,2,LD,FM,6
32,3,8,1,2,LD,FM,6
32,3,9,1,2,LD,FO,6
32,3,10,1,2,LD,FO,6
32,3,11,1,2,LD,FO,6
32,3,12,0,0,LD,cO,6
32,4,1,2,2,HD,FI,0
32,4,2,2,2,HD,FI,1
32,4,3,2,2,HD,FI,2
32,4,4,3,2,HD,FI,3
32,4,5,1,2,HD,FI,0
32,4,6,1,2,LD,FM,1
32,4,7,1,2,LD,FM,2
32,4,8,1,2,LD,FM,4
32,4,9,1,2,LD,FO,5
32,4,10,1,2,LD,FO,5
32,4,11,1,2,LD,FO,5
32,4,12,1,1,LD,aO,5
32,5,1,1,2,HD,FI,0
32,5,2,1,2,HD,FI,1
32,5,3,1,2,HD,FI,2
32,5,4,1,2,HD,FI,2
32,5,5,1,2,HD,FI,3
32,5,6,1,2,LD,FM,0
32,5,7,1,2,LD,FM,1
32,5,8,1,2,LD,FM,2
32,5,9,1,2,LD,FO,4
32,5,10,1,2,LD,FO,3
32,5,11,1,2,LD,FO,3
32,5,12,1,2,LD,bO,3
32,6,1,1,2,LD,FM,0
32,6,2,1,2,LD,FM,1
32,6,3,1,2,LD,FM,2
32,6,4,1,2,LD,FM,7
32,6,5,1,2,LD,FM,8
32,6,6,1,2,LD,FM,9
32,6,7,1,2,LD,FM,0
32,6,8,1,2,LD,FO,1
32,6,9,1,2,LD,FO,2
32,6,10,1,2,LD,FO,4
32,6,11,1,2,LD,FO,3
32,7,1,1,2,LD,FO,0
32,7,2,1,2,LD,FM,1
32,7,3,1,2,LD,FM,2
32,7,4,1,2,LD,FM,4
32,7,5,1,2,LD,FM,7
32,7,6,1,2,LD,FM,8
32,7,7,1,2,LD,FO,9
32,7,8,1,2,LD,FO,0
32,7,9,1,2,LD,FO,1
32,7,10,1,2,LD,FO,2
32,7,11,1,2,LD,FO,4
32,7,12,1,2,LD,bO,3
32,8,1,1,2,LD,FO,0
32,8,2,1,2,LD,FO,1
32,8,3,1,2,LD,FO,2
32,8,4,1,2,LD,FO,4
32,8,5,1,2,LD,FO,6
32,8,6,1,2,LD,FO,7
32,8,7,1,2,LD,FO,8
32,8,8,1,2,LD,FO,9
32,8,9,1,2,LD,FO,0
32,8,10,1,2,LD,FO,1
32,8,11,1,2,LD,FO,2
32,8,12,1,1,LD,aO,4
32,9,1,1,2,LD,FO,0
32,9,2,1,2,LD,FO,1
32,9,3,1,2,LD,FO,2
32,9,4,1,2,LD,FO,4
32,9,5,1,2,LD,FO,5
32,9,6,1,2,LD,FO,6
32,9,7,1,2,LD,FO,7
32,9,8,1,2,LD,FO,8
32,9,9,1,2,LD,FO,9
32,9,10,1,2,LD,FO,0
32,9,11,1,2,LD,FO,1
32,9,12,0,0,LD,cO,2
32,10,1,1,1,LD,aO,0
32,10,2,1,2,LD,FO,1
32,10,3,1,2,LD,FO,2
32,10,4,1,2,LD,FO,4
32,10,5,1,2,LD,FO,3
32,10,6,1,2,LD,FO,5
32,10,7,1,2,LD,FO,6
32,10,8,1,2,LD,FO,7
32,10,9,1,2,LD,FO,8
32,10,10,1,1,LD,aO,9
32,10,11,0,0,LD,cO,0
32,11,2,1,1,LD,aO,1
32,11,3,1,2,LD,FO,2
32,11,4,1,2,LD,FO,4
32,11,5,1,2,LD,FO,3
32,11,6,1,1,LD,dO,3
32,11,7,1,2,LD,FO,5
32,11,8,1,2,LD,FO,6
32,11,9,1,2,LD,FO,7
32,11,10,1,1,LD,aO,8
32,12,4,0,0,LD,cO,4
32,12,5,0,0,LD,cO,3
32,12,8,0,0,LD,cO,5
32,12,9,0,0,LD,cO,6
33,0,2,3,2,HD,FI,3
33,0,3,3,2,HD,FI,3
33,0,4,1,2,HD,FI,3
33,0,5,1,2,LD,FM,9
33,0,6,1,2,LD,FO,9
33,0,7,1,2,LD,FO,9
33,0,8,1,2,LD,FO,9
33,0,9,1,1,LD,aO,9
33,1,2,3,2,HD,bI,1
33,1,3,2,2,HD,FI,2
33,1,4,1,2,HD,FI,2
33,1,5,1,2,LD,FM,8
33,1,6,1,2,LD,FM,8
33,1,7,1,2,LD,FO,8
33,1,8,1,2,LD,FO,8
33,1,9,1,2,LD,FO,8
33,1,10,1,1,LD,aO,8
33,2,0,2,2,HD,aI,0
33,2,1,2,2,HD,aI,2
33,2,2,3,2,HD,FI,0
33,2,3,2,2,HD,FI,1
33,2,4,1,2,HD,FI,2
33,2,5,1,2,LD,FM,7
33,2,6,1,2,LD,FM,7
33,2,7,1,2,LD,FO,7
33,2,8,1,2,LD,FO,7
33,2,9,1,2,LD,FO,7
33,2,10,1,2,LD,FO,7
33,3,0,2,2,HD,FI,0
33,3,1,2,2,HD,FI,1
33,3,2,2,2,HD,FI,2
33,3,3,3,2,HD,FI,0
33,3,4,1,2,HD,FI,1
33,3,5,1,2,LD,FM,2
33,3,6,1,2,LD,FM,3
33,3,7,1,2,LD,FO,6
33,3,8,1,2,LD,FO,6
33,3,9,1,2,LD,FO,6
33,3,10,1,2,LD,FO,6
33,3,11,0,0,LD,cO,6
33,4,0,1,2,HD,FI,0
33,4,1,1,2,HD,FI,1
33,4,2,1,2,LD,FM,5
33,4,3,1,2,HD,FI,2
33,4,4,1,2,HD,FI,0
33,4,5,1,2,LD,FM,1
33,4,6,1,2,LD,FM,2
33,4,7,1,2,LD,FO,3
33,4,8,1,2,LD,FO,4
33,4,9,1,2,LD,FO,5
33,4,10,1,2,LD,FO,5
33,4,11,1,1,LD,dO,5
33,5,0,1,2,LD,FM,0
33,5,1,1,2,HD,FI,1
33,5,2,1,2,LD,FM,5
33,5,3,1,2,LD,FM,5
33,5,4,1,2,LD,FM,10
33,5,5,1,2,LD,FM,0
33,5,6,1,2,LD,FM,1
33,5,7,1,2,LD,FO,2
33,5,8,1,2,LD,FO,3
33,5,9,1,2,LD,FO,4
33,5,10,1,1,LD,dO,5
33,6,0,1,2,LD,FM,0
33,6,1,1,2,LD,FM,1
33,6,2,1,2,LD,FM,2
33,6,3,1,2,LD,FM,8
33,6,4,1,2,LD,FM,9
33,6,5,1,2,LD,FM,10
33,6,6,1,2,LD,FO,0
33,6,7,1,2,LD,FO,1
33,6,8,1,2,LD,FO,2
33,6,9,1,2,LD,FO,3
33,6,10,1,2,LD,FO,4
33,7,0,1,2,LD,FO,0
33,7,1,1,2,LD,FO,1
33,7,2,1,2,LD,FO,2
33,7,3,1,2,LD,FO,3
33,7,4,1,2,LD,FO,8
33,7,5,1,2,LD,FO,9
33,7,6,1,2,LD,FO,10
33,7,7,1,2,LD,FO,0
33,7,8,1,2,LD,FO,1
33,7,9,1,2,LD,FO,2
33,7,10,1,2,LD,FO,3
33,7,11,1,1,LD,dO,4
33,8,0,1,2,LD,FO,0
33,8,1,1,2,LD,FO,1
33,8,2,1,2,LD,FO,2
33,8,3,1,2,LD,FO,3
33,8,4,1,2,LD,FO,7
33,8,5,1,2,LD,FO,8
33,8,6,1,2,LD,FO,9
33,8,7,1,2,LD,FO,10
33,8,8,1,2,LD,FO,0
33,8,9,1,2,LD,FO,1
33,8,10,1,2,LD,FO,2
33,8,11,0,0,LD,cO,3
33,9,0,1,2,LD,FO,0
33,9,1,1,2,LD,FO,1
33,9,2,1,2,LD,FO,2
33,9,3,1,2,LD,FO,3
33,9,4,1,2,LD,FO,6
33,9,5,1,2,LD,FO,7
33,9,6,1,2,LD,FO,8
33,9,7,1,2,LD,FO,9
33,9,8,1,2,LD,FO,10
33,9,9,1,1,LD,aO,0
33,9,10,1,1,LD,aO,1
33,10,0,0,0,LD,cO,0
33,10,1,1,2,LD,FO,1
33,10,2,1,2,LD,FO,2
33,10,3,1,2,LD,FO,3
33,10,4,1,2,LD,FO,4
33,10,5,1,2,LD,FO,6
33,10,6,1,2,LD,FO,7
33,10,7,1,2,LD,FO,8
33,10,8,1,2,LD,FO,9
33,10,9,0,0,LD,cO,10
33,11,2,0,0,LD,cO,2
33,11,3,1,1,LD,aO,3
33,11,4,1,2,LD,bO,4
33,11,6,1,2,LD,bO,6
33,11,7,1,1,LD,aO,7
33,11,8,0,0,LD,cO,8
34,1,3,2,1,HD,aI,2
34,1,4,2,2,HD,FI,2
34,1,5,1,2,HD,FI,2
34,1,6,1,2,LD,FM,12
34,1,7,1,2,LD,FO,12
34,1,8,1,2,LD,FO,12
34,1,9,1,2,LD,FO,13
34,1,10,1,2,LD,FO,13
34,1,11,1,1,LD,aO,13
34,2,3,2,1,HD,aI,0
34,2,4,2,2,HD,FI,1
34,2,5,1,2,HD,FI,1
34,2,6,1,2,LD,FM,10
34,2,7,1,2,LD,FM,10
34,2,8,1,2,LD,FO,10
34,2,9,1,2,LD,FO,11
34,2,10,1,2,LD,FO,11
34,2,11,1,2,LD,FO,11
34,2,12,1,1,LD,aO,11
34,3,1,3,2,HD,FI,0
34,3,2,3,2,HD,bI,1
34,3,3,3,2,HD,FI,3
34,3,4,2,2,HD,FI,0
34,3,5,1,2,HD,FI,1
34,3,6,1,2,LD,FM,6
34,3,7,1,2,LD,FM,9
34,3,8,1,2,LD,FO,9
34,3,9,1,2,LD,FO,9
34,3,10,1,2,LD,FO,9
34,3,11,1,2,LD,FO,9
34,3,12,1,2,LD,bO,9
34,4,1,1,2,HD,FI,0
34,4,2,2,2,HD,FI,1
34,4,3,2,2,HD,FI,2
34,4,4,1,2,HD,FI,3
34,4,5,1,2,HD,FI,0
34,4,6,1,2,LD,FM,4
34,4,7,1,2,LD,FM,6
34,4,8,1,2,LD,FO,8
34,4,9,1,2,LD,FO,8
34,4,10,1,2,LD,FO,8
34,4,11,1,2,LD,FO,8
34,4,12,1,2,LD,FO,8
34,5,1,1,2,HD,FI,0
34,5,2,1,2,HD,FI,1
34,5,3,1,2,HD,FI,2
34,5,4,1,2,HD,FI,2
34,5,5,1,2,HD,FI,3
34,5,6,1,2,LD,FM,1
34,5,7,1,2,LD,FM,4
34,5,8,1,2,LD,FO,6
34,5,9,1,2,LD,FO,7
34,5,10,1,2,LD,FO,7
34,5,11,1,2,LD,FO,7
34,5,12,1,2,LD,FO,7
34,5,13,0,0,LD,cO,7
34,6,1,1,2,LD,FM,0
34,6,2,1,2,LD,FM,1
34,6,3,1,2,LD,FM,2
34,6,4,1,2,LD,FM,7
34,6,5,1,2,LD,FM,8
34,6,6,1,2,LD,FM,9
34,6,7,1,2,LD,FO,1
34,6,8,1,2,LD,FO,4
34,6,9,1,2,LD,FO,3
34,6,10,1,2,LD,FO,5
34,6,11,1,2,LD,FO,5
34,6,12,1,1,LD,dO,5
34,7,1,1,2,LD,FO,0
34,7,2,1,2,LD,FO,1
34,7,3,1,2,LD,FM,2
34,7,4,1,2,LD,FM,4
34,7,5,1,2,LD,FM,7
34,7,6,1,2,LD,FO,8
34,7,7,1,2,LD,FO,9
34,7,8,1,2,LD,FO,1
34,7,9,1,2,LD,FO,2
34,7,10,1,2,LD,FO,3
34,7,11,1,2,LD,FO,5
34,7,12,1,2,LD,FO,5
34,8,1,1,2,LD,FO,0
34,8,2,1,2,LD,FO,1
34,8,3,1,2,LD,FO,2
34,8,4,1,2,LD,FO,4
34,8,5,1,2,LD,FO,6
34,8,6,1,2,LD,FO,7
34,8,7,1,2,LD,FO,8
34,8,8,1,2,LD,FO,9
34,8,9,1,2,LD,FO,0
34,8,10,1,2,LD,FO,2
34,8,11,1,2,LD,FO,3
34,8,12,1,2,LD,FO,5
34,8,13,0,0,LD,cO,5
34,9,1,1,2,LD,FO,0
34,9,2,1,2,LD,FO,1
34,9,3,1,2,LD,FO,2
34,9,4,1,2,LD,FO,4
34,9,5,1,2,LD,FO,3
34,9,6,1,2,LD,FO,6
34,9,7,1,2,LD,FO,7
34,9,8,1,2,LD,FO,8
34,9,9,1,2,LD,FO,9
34,9,10,1,2,LD,FO,0
34,9,11,1,2,LD,FO,2
34,9,12,1,2,LD,bO,3
34,10,1,1,2,LD,bO,0
34,10,2,1,2,LD,FO,1
34,10,3,1,2,LD,FO,2
34,10,4,1,2,LD,FO,4
34,10,6,1,2,LD,FO,5
34,10,7,1,2,LD,FO,6
34,10,8,1,2,LD,FO,7
34,10,9,1,2,LD,FO,8
34,10,10,1,2,LD,bO,9
34,10,11,1,1,LD,aO,0
34,10,12,1,1,LD,aO,2
34,11,2,1,2,LD,FO,1
34,11,3,1,2,LD,FO,2
34,11,4,1,2,LD,FO,4
34,11,5,1,2,LD,FO,3
34,11,6,1,2,LD,FO,5
34,11,7,1,2,LD,FO,5
34,11,8,1,2,LD,FO,6
34,11,9,1,2,LD,FO,7
34,11,10,1,2,LD,FO,8
34,12,4,1,1,LD,dO,4
34,12,5,1,2,LD,bO,3
34,12,6,1,1,LD,aO,5
35,0,2,2,2,HD,FI,3
35,0,3,1,2,HD,FI,3
35,0,4,1,2,HD,FI,3
35,0,5,1,2,LD,FM,14
35,0,6,1,2,LD,FO,14
35,0,7,1,2,LD,FO,14
35,0,8,1,2,LD,FO,14
35,0,9,1,2,LD,FO,14
35,0,10,1,1,LD,aO,14
35,1,2,2,2,HD,bI,1
35,1,3,3,2,HD,FI,2
35,1,4,1,2,HD,FI,2
35,1,5,1,2,LD,FM,12
35,1,6,1,2,LD,FO,12
35,1,7,1,2,LD,FO,12
35,1,8,1,2,LD,FO,13
35,1,9,1,2,LD,FO,13
35,1,10,1,2,LD,FO,13
35,1,11,1,1,LD,aO,13
35,2,0,2,1,HD,aI,0
35,2,1,2,1,HD,aI,2
35,2,2,2,2,HD,FI,0
35,2,3,2,2,HD,FI,1
35,2,4,1,2,HD,FI,2
35,2,5,1,2,LD,FM,10
35,2,6,1,2,LD,FO,10
35,2,7,1,2,LD,FO,10
35,2,8,1,2,LD,FO,10
35,2,9,1,2,LD,FO,11
35,2,10,1,2,LD,FO,11
35,2,11,1,2,LD,bO,11
35,3,0,2,2,HD,FI,0
35,3,1,2,2,HD,FI,1
35,3,2,2,2,HD,FI,2
35,3,3,1,2,HD,FI,0
35,3,4,1,2,HD,FI,1
35,3,5,1,2,LD,FM,4
35,3,6,1,2,LD,FM,5
35,3,7,1,2,LD,FO,9
35,3,8,1,2,LD,FO,9
35,3,9,1,2,LD,FO,9
35,3,10,1,2,LD,FO,9
35,3,11,1,2,LD,FO,9
35,4,0,1,2,HD,FI,0
35,4,1,1,2,HD,FI,1
35,4,2,1,2,LD,FM,5
35,4,3,1,2,HD,FI,2
35,4,4,1,2,HD,FI,0
35,4,5,1,2,LD,FM,2
35,4,6,1,2,LD,FO,4
35,4,7,1,2,LD,FO,5
35,4,8,1,2,LD,FO,7
35,4,9,1,2,LD,FO,8
35,4,10,1,2,LD,FO,8
35,4,11,1,2,LD,FO,8
35,4,12,0,0,LD,cO,8
35,5,0,1,2,LD,FM,0
35,5,1,1,2,HD,FI,1
35,5,2,1,2,LD,FM,5
35,5,3,1,2,LD,FM,5
35,5,4,1,2,LD,FM,10
35,5,5,1,2,LD,FM,0
35,5,6,1,2,LD,FO,2
35,5,7,1,2,LD,FO,4
35,5,8,1,2,LD,FO,5
35,5,9,1,2,LD,FO,7
35,5,10,1,2,LD,FO,6
35,5,11,1,2,LD,bO,6
35,5,12,1,1,LD,dO,6
35,6,0,1,2,LD,FO,0
35,6,1,1,2,LD,FM,1
35,6,2,1,2,LD,FM,2
35,6,3,1,2,LD,FM,8
35,6,4,1,2,LD,FM,9
35,6,5,1,2,LD,FO,10
35,6,6,1,2,LD,FO,0
35,6,7,1,2,LD,FO,2
35,6,8,1,2,LD,FO,4
35,6,9,1,2,LD,FO,5
35,6,10,1,2,LD,FO,7
35,6,11,1,2,LD,bO,6
35,7,0,1,2,LD,FO,0
35,7,1,1,2,LD,FO,1
35,7,2,1,2,LD,FO,2
35,7,3,1,2,LD,FO,3
35,7,4,1,2,LD,FO,8
35,7,5,1,2,LD,FO,9
35,7,6,1,2,LD,FO,10
35,7,7,1,2,LD,FO,0
35,7,8,1,2,LD,FO,1
35,7,9,1,2,LD,FO,3
35,7,10,1,2,LD,FO,5
35,7,11,1,2,LD,FO,7
35,7,12,1,1,LD,dO,6
35,8,0,1,2,LD,FO,0
35,8,1,1,2,LD,FO,1
35,8,2,1,2,LD,FO,2
35,8,3,1,2,LD,FO,3
35,8,4,1,2,LD,FO,7
35,8,5,1,2,LD,FO,8
35,8,6,1,2,LD,FO,9
35,8,7,1,2,LD,FO,10
35,8,8,1,2,LD,FO,0
35,8,9,1,2,LD,FO,1
35,8,10,1,2,LD,FO,3
35,8,11,1,2,LD,FO,5
35,8,12,0,0,LD,cO,7
35,9,0,1,2,LD,FO,0
35,9,1,1,2,LD,FO,1
35,9,2,1,2,LD,FO,2
35,9,3,1,2,LD,FO,3
35,9,4,1,2,LD,FO,4
35,9,5,1,2,LD,FO,7
35,9,6,1,2,LD,FO,8
35,9,7,1,2,LD,FO,9
35,9,8,1,2,LD,FO,10
35,9,9,1,2,LD,FO,0
35,9,10,1,2,LD,FO,1
35,9,11,1,2,LD,bO,3
35,10,0,1,2,LD,FO,0
35,10,1,1,2,LD,FO,1
35,10,2,1,2,LD,FO,2
35,10,3,1,2,LD,FO,3
35,10,4,1,2,LD,FO,4
35,10,5,1,2,LD,FO,6
35,10,6,1,2,LD,FO,7
35,10,7,1,2,LD,FO,8
35,10,8,1,2,LD,FO,9
35,10,9,1,2,LD,FO,10
35,10,10,1,1,LD,aO,0
35,10,11,1,1,LD,aO,1
35,11,0,0,0,LD,cO,0
35,11,1,1,2,LD,FO,1
35,11,2,1,2,LD,FO,2
35,11,3,1,2,LD,FO,3
35,11,4,1,2,LD,FO,4
35,11,5,1,2,LD,bO,6
35,11,6,1,2,LD,FO,6
35,11,7,1,2,LD,FO,7
35,11,8,1,2,LD,FO,8
35,11,9,1,2,LD,FO,9
35,12,2,0,0,LD,cO,2
35,12,3,1,1,LD,aO,3
35,12,4,1,2,LD,bO,4
36,1,3,2,1,HD,aI,2
36,1,4,3,2,HD,FI,2
36,1,5,1,2,HD,FI,2
36,1,6,1,2,HD,FI,2
36,1,7,1,2,LD,FO,12
36,1,8,1,2,LD,FO,12
36,1,9,1,2,LD,FO,12
36,1,10,1,2,LD,FO,12
36,1,11,1,2,LD,FO,12
36,1,12,1,1,LD,aO,12
36,2,3,2,1,HD,aI,0
36,2,4,2,2,HD,FI,1
36,2,5,1,2,LD,FM,6
36,2,6,1,2,LD,FM,6
36,2,7,1,2,LD,FO,11
36,2,8,1,2,LD,FO,11
36,2,9,1,2,LD,FO,11
36,2,10,1,2,LD,FO,11
36,2,11,1,2,LD,FO,11
36,2,12,1,2,LD,FO,11
36,2,13,0,0,LD,cO,11
36,3,1,2,2,HD,FI,0
36,3,2,2,2,HD,bI,1
36,3,3,2,2,HD,FI,2
36,3,4,3,2,HD,FI,0
36,3,5,1,2,HD,FI,1
36,3,6,1,2,LD,FM,6
36,3,7,1,2,LD,FM,8
36,3,8,1,2,LD,FO,8
36,3,9,1,2,LD,FO,8
36,3,10,1,2,LD,FO,10
36,3,11,1,2,LD,FO,10
36,3,12,1,2,LD,FO,10
36,3,13,1,1,LD,aO,10
36,4,1,1,2,HD,FI,0
36,4,2,1,2,HD,FI,1
36,4,3,1,2,LD,FM,8
36,4,4,1,2,HD,FI,2
36,4,5,1,2,HD,FI,0
36,4,6,1,2,HD,FI,1
36,4,7,1,2,LD,FM,5
36,4,8,1,2,LD,FO,4
36,4,9,1,2,LD,FO,9
36,4,10,1,2,LD,FO,9
36,4,11,1,2,LD,FO,9
36,4,12,1,2,LD,FO,9
36,4,13,1,2,LD,FO,9
36,5,1,1,2,HD,FI,0
36,5,2,1,2,HD,FI,1
36,5,3,1,2,LD,FM,8
36,5,4,1,2,LD,FM,8
36,5,5,1,2,HD,FI,2
36,5,6,1,2,HD,FI,0
36,5,7,1,2,LD,FO,1
36,5,8,1,2,LD,FO,5
36,5,9,1,2,LD,FO,4
36,5,10,1,2,LD,FO,3
36,5,11,1,2,LD,FO,7
36,5,12,1,2,LD,FO,7
36,5,13,1,2,LD,FO,7
36,5,14,0,0,LD,cO,7
36,6,1,1,2,LD,FM,0
36,6,2,1,2,LD,FM,2
36,6,3,1,2,LD,FM,4
36,6,4,1,2,LD,FM,12
36,6,5,1,2,LD,FM,14
36,6,6,1,2,LD,FM,15
36,6,7,1,2,LD,FO,0
36,6,8,1,2,LD,FO,1
36,6,9,1,2,LD,FO,5
36,6,10,1,2,LD,FO,4
36,6,11,1,2,LD,FO,3
36,6,12,1,2,LD,FO,7
36,6,13,1,1,LD,aO,7
36,6,14,0,0,LD,cO,7
36,7,1,1,2,LD,FO,0
36,7,2,1,2,LD,FO,2
36,7,3,1,2,LD,FO,4
36,7,4,1,2,LD,FO,10
36,7,5,1,2,LD,FO,12
36,7,6,1,2,LD,FO,14
36,7,7,1,2,LD,FO,15
36,7,8,1,2,LD,FO,0
36,7,9,1,2,LD,FO,1
36,7,10,1,2,LD,FO,2
36,7,11,1,2,LD,FO,4
36,7,12,1,2,LD,FO,3
36,7,13,1,1,LD,aO,3
36,8,1,1,2,LD,FO,0
36,8,2,1,2,LD,FO,2
36,8,3,1,2,LD,FO,4
36,8,4,1,2,LD,FO,5
36,8,5,1,2,LD,FO,10
36,8,6,1,2,LD,FO,12
36,8,7,1,2,LD,FO,14
36,8,8,1,2,LD,FO,15
36,8,9,1,2,LD,FO,0
36,8,10,1,2,LD,FO,1
36,8,11,1,2,LD,FO,2
36,8,12,1,2,LD,FO,4
36,8,13,1,2,LD,FO,3
36,8,14,0,0,LD,cO,3
36,9,1,1,2,LD,FO,0
36,9,2,1,2,LD,FO,2
36,9,3,1,2,LD,FO,4
36,9,4,1,2,LD,FO,5
36,9,5,1,2,LD,FO,9
36,9,6,1,2,LD,FO,10
36,9,7,1,2,LD,FO,12
36,9,8,1,2,LD,FO,14
36,9,9,1,2,LD,FO,15
36,9,10,1,2,LD,FO,0
36,9,11,1,2,LD,FO,1
36,9,12,1,2,LD,FO,2
36,9,13,1,2,LD,FO,4
36,9,14,0,0,LD,cO,3
36,10,1,1,2,LD,FO,0
36,10,2,1,2,LD,FO,2
36,10,3,1,2,LD,FO,4
36,10,4,1,2,LD,FO,5
36,10,5,1,2,LD,FO,7
36,10,6,1,2,LD,FO,9
36,10,7,1,2,LD,FO,10
36,10,8,1,2,LD,FO,12
36,10,9,1,2,LD,FO,14
36,10,10,1,2,LD,FO,15
36,10,11,1,2,LD,FO,0
36,10,12,1,2,LD,FO,1
36,10,13,1,1,LD,aO,2
36,11,1,1,2,LD,bO,0
36,11,2,1,2,LD,FO,1
36,11,3,1,2,LD,FO,4
36,11,4,1,2,LD,FO,5
36,11,5,1,2,LD,FO,7
36,11,6,1,2,LD,FO,6
36,11,7,1,2,LD,FO,9
36,11,8,1,2,LD,FO,10
36,11,9,1,2,LD,FO,12
36,11,10,1,2,LD,FO,13
36,11,11,1,2,LD,bO,15
36,11,12,1,1,LD,aO,0
36,11,13,0,0,LD,cO,1
36,12,2,1,2,LD,FO,1
36,12,3,1,2,LD,FO,1
36,12,4,1,2,LD,FO,3
36,12,5,1,2,LD,FO,7
36,12,6,1,2,LD,FO,6
36,12,7,1,2,LD,FO,6
36,12,8,1,2,LD,FO,9
36,12,9,1,2,LD,FO,11
36,12,10,1,2,LD,FO,13
36,12,11,1,2,LD,FO,13
36,13,3,0,0,LD,cO,1
36,13,4,1,1,LD,aO,3
36,13,5,1,2,LD,bO,3
36,13,6,1,2,LD,FO,6
36,13,8,1,2,LD,FO,6
36,13,9,1,2,LD,bO,11
36,13,10,1,1,LD,aO,11
36,13,11,0,0,LD,cO,13
37,0,2,2,1,HD,aI,1
37,0,3,1,2,HD,FI,1
37,0,4,1,2,HD,FI,1
37,0,5,1,2,LD,FO,11
37,0,6,1,2,LD,FO,11
37,0,7,1,2,LD,FO,11
37,0,8,1,2,LD,FO,11
37,1,3,1,2,LD,FM,8
37,1,4,1,2,LD,FM,8
37,1,5,1,2,LD,FM,8
37,1,6,1,2,LD,FO,10
37,1,7,1,2,LD,FO,10
37,1,8,1,2,LD,FO,10
37,1,9,1,1,LD,aO,10
37,2,2,2,1,HD,aI,0
37,2,3,1,2,LD,FM,3
37,2,4,1,2,LD,FM,4
37,2,5,1,2,LD,FM,4
37,2,6,1,2,LD,FO,9
37,2,7,1,2,LD,FO,9
37,2,8,1,2,LD,FO,9
37,2,9,1,2,LD,bO,9
37,3,0,2,2,LD,FM,1
37,3,1,1,2,LD,bM,8
37,3,2,2,2,LD,FM,12
37,3,3,1,2,HD,FI,0
37,3,4,1,2,LD,FM,3
37,3,5,1,2,LD,FM,4
37,3,6,1,2,LD,FO,5
37,3,7,1,2,LD,FO,6
37,3,8,1,2,LD,FO,7
37,3,9,1,2,LD,FO,7
37,4,0,1,2,LD,FM,1
37,4,1,1,2,LD,FM,4
37,4,2,1,2,LD,FM,8
37,4,3,1,2,LD,FM,12
37,4,4,1,2,HD,FI,0
37,4,5,1,2,LD,FM,3
37,4,6,1,2,LD,FO,2
37,4,7,1,2,LD,FO,5
37,4,8,1,2,LD,FO,6
37,4,9,1,2,LD,FO,7
37,4,10,0,0,LD,cO,7
37,5,0,1,2,LD,FM,1
37,5,1,1,2,LD,FM,4
37,5,2,1,2,LD,FM,5
37,5,3,1,2,LD,FM,8
37,5,4,1,2,LD,FM,12
37,5,5,1,2,LD,FO,0
37,5,6,1,2,LD,FO,1
37,5,7,1,2,LD,FO,2
37,5,8,1,2,LD,FO,5
37,5,9,1,2,LD,FO,6
37,5,10,0,0,LD,cO,6
37,6,0,1,2,LD,FO,0
37,6,1,1,2,LD,FO,4
37,6,2,1,2,LD,FO,5
37,6,3,1,2,LD,FO,5
37,6,4,1,2,LD,FO,11
37,6,5,1,2,LD,FO,13
37,6,6,1,2,LD,FO,0
37,6,7,1,2,LD,FO,1
37,6,8,1,2,LD,FO,2
37,6,9,1,2,LD,FO,5
37,6,10,0,0,LD,cO,5
37,7,0,1,2,LD,FO,0
37,7,1,1,2,LD,FO,2
37,7,2,1,2,LD,FO,3
37,7,3,1,2,LD,FO,9
37,7,4,1,2,LD,FO,10
37,7,5,1,2,LD,FO,11
37,7,6,1,2,LD,FO,13
37,7,7,1,2,LD,FO,0
37,7,8,1,2,LD,FO,1
37,7,9,1,2,LD,bO,2
37,8,0,1,2,LD,FO,0
37,8,1,1,2,LD,FO,2
37,8,2,1,2,LD,FO,3
37,8,3,1,2,LD,FO,6
37,8,4,1,2,LD,FO,9
37,8,5,1,2,LD,FO,10
37,8,6,1,2,LD,FO,11
37,8,7,1,2,LD,FO,13
37,8,8,1,2,LD,FO,0
37,8,9,1,1,LD,aO,1
37,9,0,1,1,LD,aO,0
37,9,1,1,2,LD,FO,2
37,9,2,1,2,LD,FO,3
37,9,3,1,2,LD,FO,6
37,9,4,1,2,LD,FO,7
37,9,5,1,2,LD,FO,9
37,9,6,1,2,LD,FO,10
37,9,7,1,2,LD,FO,11
37,9,8,1,1,LD,aO,13
37,10,2,0,0,LD,cO,2
37,10,3,1,1,LD,dO,6
37,10,4,1,1,LD,dO,7
37,10,5,1,1,LD,dO,7
37,10,6,1,1,LD,dO,9
37,10,7,0,0,LD,cO,11
38,1,4,1,2,LD,FM,10
38,1,5,1,2,LD,FM,10
38,1,6,1,2,LD,FM,10
38,1,7,1,2,LD,FO,11
38,1,8,1,2,LD,FO,11
38,1,9,1,2,LD,FO,11
38,1,10,1,1,LD,aO,11
38,2,4,1,2,LD,bM,5
38,2,5,1,2,LD,FM,6
38,2,6,1,2,LD,FM,6
38,2,7,1,2,LD,FO,9
38,2,8,1,2,LD,FO,9
38,2,9,1,2,LD,FO,9
38,2,10,1,2,LD,FO,9
38,3,1,1,1,LD,aM,1
38,3,3,1,1,LD,aM,12
38,3,4,1,2,LD,FM,1
38,3,5,1,2,LD,FM,5
38,3,6,1,2,LD,FM,6
38,3,7,1,2,LD,FO,7
38,3,8,1,2,LD,FO,8
38,3,9,1,2,LD,FO,8
38,3,10,1,2,LD,FO,8
38,3,11,0,0,LD,cO,8
38,4,1,1,2,LD,FM,1
38,4,2,1,2,LD,FM,3
38,4,3,1,2,LD,FM,10
38,4,4,1,2,LD,FM,12
38,4,5,1,2,LD,FM,1
38,4,6,1,2,LD,FM,5
38,4,7,1,2,LD,FO,3
38,4,8,1,2,LD,FO,7
38,4,9,1,2,LD,FO,4
38,4,10,1,2,LD,FO,4
38,4,11,1,1,LD,dO,4
38,5,1,1,2,LD,FM,1
38,5,2,1,2,LD,FM,3
38,5,3,1,2,LD,FM,9
38,5,4,1,2,LD,FM,10
38,5,5,1,2,LD,FM,12
38,5,6,1,2,LD,FM,1
38,5,7,1,2,LD,FO,2
38,5,8,1,2,LD,FO,3
38,5,9,1,2,LD,FO,7
38,5,10,1,2,LD,FO,4
38,5,11,1,1,LD,dO,4
38,6,1,1,2,LD,FO,0
38,6,2,1,2,LD,FM,3
38,6,3,1,2,LD,FM,4
38,6,4,1,2,LD,FM,9
38,6,5,1,2,LD,FM,10
38,6,6,1,2,LD,FO,13
38,6,7,1,2,LD,FO,0
38,6,8,1,2,LD,FO,2
38,6,9,1,2,LD,FO,3
38,6,10,1,2,LD,FO,7
38,6,11,1,1,LD,dO,4
38,7,1,1,2,LD,FO,0
38,7,2,1,2,LD,FO,2
38,7,3,1,2,LD,FO,4
38,7,4,1,2,LD,FO,5
38,7,5,1,2,LD,FO,9
38,7,6,1,2,LD,FO,11
38,7,7,1,2,LD,FO,13
38,7,8,1,2,LD,FO,0
38,7,9,1,2,LD,FO,2
38,7,10,1,2,LD,FO,3
38,7,11,1,1,LD,dO,7
38,8,1,1,2,LD,FO,0
38,8,2,1,2,LD,FO,2
38,8,3,1,2,LD,FO,4
38,8,4,1,2,LD,FO,5
38,8,5,1,2,LD,FO,8
38,8,6,1,2,LD,FO,9
38,8,7,1,2,LD,FO,11
38,8,8,1,2,LD,FO,13
38,8,9,1,2,LD,FO,0
38,8,10,1,2,LD,FO,2
38,8,11,0,0,LD,cO,3
38,9,1,1,2,LD,FO,0
38,9,2,1,2,LD,FO,2
38,9,3,1,2,LD,FO,4
38,9,4,1,2,LD,FO,5
38,9,5,1,2,LD,FO,7
38,9,6,1,2,LD,FO,8
38,9,7,1,2,LD,FO,9
38,9,8,1,2,LD,FO,11
38,9,9,1,2,LD,FO,13
38,9,10,1,1,LD,aO,0
38,10,2,1,1,LD,aO,2
38,10,3,1,2,LD,bO,4
38,10,4,1,2,LD,FO,5
38,10,5,1,2,LD,FO,6
38,10,6,1,2,LD,FO,7
38,10,7,1,2,LD,FO,8
38,10,8,1,2,LD,bO,9
38,10,9,1,1,LD,aO,11
38,11,6,0,0,LD,cO,6
38,11,7,0,0,LD,cO,7
39,0,2,1,1,LD,aM,11
39,0,3,1,2,LD,FM,11
39,0,4,1,2,LD,FM,11
39,0,5,1,2,LD,FO,12
39,0,6,1,2,LD,FO,12
39,0,7,1,2,LD,FO,12
39,0,8,1,2,LD,FO,12
39,1,3,1,2,LD,FM,8
39,1,4,1,2,LD,FM,8
39,1,5,1,2,LD,FO,8
39,1,6,1,2,LD,FO,10
39,1,7,1,2,LD,FO,10
39,1,8,1,2,LD,FO,10
39,1,9,1,1,LD,aO,10
39,2,2,1,1,LD,aM,1
39,2,3,1,2,LD,FM,4
39,2,4,1,2,LD,FM,5
39,2,5,1,2,LD,FM,5
39,2,6,1,2,LD,FO,9
39,2,7,1,2,LD,FO,9
39,2,8,1,2,LD,FO,9
39,2,9,1,2,LD,bO,9
39,3,0,1,2,LD,FM,1
39,3,1,1,2,LD,bM,7
39,3,2,1,2,LD,FM,11
39,3,3,1,2,LD,FM,1
39,3,4,1,2,LD,FM,4
39,3,5,1,2,LD,FM,5
39,3,6,1,2,LD,FO,6
39,3,7,1,2,LD,FO,7
39,3,8,1,2,LD,FO,7
39,3,9,1,2,LD,FO,7
39,4,0,1,2,LD,FM,1
39,4,1,1,2,LD,FM,3
39,4,2,1,2,LD,FM,7
39,4,3,1,2,LD,FM,11
39,4,4,1,2,LD,FM,1
39,4,5,1,2,LD,FO,4
39,4,6,1,2,LD,FO,3
39,4,7,1,2,LD,FO,6
39,4,8,1,2,LD,FO,7
39,4,9,1,2,LD,FO,7
39,4,10,0,0,LD,cO,7
39,5,0,1,2,LD,FO,1
39,5,1,1,2,LD,FM,3
39,5,2,1,2,LD,FM,3
39,5,3,1,2,LD,FM,7
39,5,4,1,2,LD,FO,11
39,5,5,1,2,LD,FO,0
39,5,6,1,2,LD,FO,2
39,5,7,1,2,LD,FO,3
39,5,8,1,2,LD,FO,6
39,5,9,1,2,LD,FO,7
39,5,10,0,0,LD,cO,7
39,6,0,1,2,LD,FO,0
39,6,1,1,2,LD,FO,2
39,6,2,1,2,LD,FO,4
39,6,3,1,2,LD,FO,9
39,6,4,1,2,LD,FO,10
39,6,5,1,2,LD,FO,12
39,6,6,1,2,LD,FO,0
39,6,7,1,2,LD,FO,2
39,6,8,1,2,LD,FO,3
39,6,9,1,2,LD,FO,6
39,6,10,0,0,LD,cO,6
39,7,0,1,2,LD,FO,0
39,7,1,1,2,LD,FO,2
39,7,2,1,2,LD,FO,4
39,7,3,1,2,LD,FO,5
39,7,4,1,2,LD,FO,9
39,7,5,1,2,LD,FO,10
39,7,6,1,2,LD,FO,12
39,7,7,1,2,LD,FO,0
39,7,8,1,2,LD,FO,2
39,7,9,1,2,LD,bO,3
39,8,0,1,2,LD,FO,0
39,8,1,1,2,LD,FO,2
39,8,2,1,2,LD,FO,4
39,8,3,1,2,LD,FO,5
39,8,4,1,2,LD,FO,8
39,8,5,1,2,LD,FO,9
39,8,6,1,2,LD,FO,10
39,8,7,1,2,LD,FO,12
39,8,8,1,2,LD,FO,0
39,8,9,1,1,LD,aO,2
39,9,0,1,1,LD,aO,0
39,9,1,1,2,LD,FO,2
39,9,2,1,2,LD,FO,4
39,9,3,1,2,LD,FO,5
39,9,4,1,2,LD,FO,6
39,9,5,1,2,LD,FO,8
39,9,6,1,2,LD,FO,9
39,9,7,1,2,LD,FO,10
39,9,8,1,1,LD,aO,12
39,10,2,0,0,LD,cO,4
39,10,3,1,1,LD,dO,5
39,10,4,1,1,LD,dO,6
39,10,5,1,1,LD,dO,6
39,10,6,1,1,LD,dO,8
39,10,7,0,0,LD,cO,9
40,1,4,1,2,LD,FM,10
40,1,5,1,2,LD,FM,10
40,1,6,1,2,LD,FO,10
40,1,7,1,2,LD,FO,11
40,1,8,1,2,LD,FO,11
40,1,9,1,2,LD,FO,11
40,1,10,1,1,LD,aO,11
40,2,4,1,2,LD,bM,6
40,2,5,1,2,LD,FM,7
40,2,6,1,2,LD,FM,7
40,2,7,1,2,LD,FO,9
40,2,8,1,2,LD,FO,9
40,2,9,1,2,LD,FO,9
40,2,10,1,2,LD,FO,9
40,3,1,1,1,LD,aM,1
40,3,3,1,1,LD,aM,12
40,3,4,1,2,LD,FM,1
40,3,5,1,2,LD,FM,6
40,3,6,1,2,LD,FM,7
40,3,7,1,2,LD,FO,8
40,3,8,1,2,LD,FO,8
40,3,9,1,2,LD,FO,8
40,3,10,1,2,LD,FO,8
40,3,11,0,0,LD,cO,8
40,4,1,1,2,LD,FM,1
40,4,2,1,2,LD,FM,4
40,4,3,1,2,LD,FM,9
40,4,4,1,2,LD,FM,12
40,4,5,1,2,LD,FM,1
40,4,6,1,2,LD,FM,6
40,4,7,1,2,LD,FO,3
40,4,8,1,2,LD,FO,4
40,4,9,1,2,LD,FO,5
40,4,10,1,2,LD,FO,5
40,4,11,1,1,LD,dO,5
40,5,1,1,2,LD,FM,1
40,5,2,1,2,LD,FM,4
40,5,3,1,2,LD,FM,5
40,5,4,1,2,LD,FM,9
40,5,5,1,2,LD,FM,12
40,5,6,1,2,LD,FO,1
40,5,7,1,2,LD,FO,2
40,5,8,1,2,LD,FO,3
40,5,9,1,2,LD,FO,4
40,5,10,1,2,LD,FO,5
40,5,11,1,1,LD,dO,5
40,6,1,1,2,LD,FO,0
40,6,2,1,2,LD,FO,4
40,6,3,1,2,LD,FO,5
40,6,4,1,2,LD,FO,5
40,6,5,1,2,LD,FO,9
40,6,6,1,2,LD,FO,13
40,6,7,1,2,LD,FO,0
40,6,8,1,2,LD,FO,2
40,6,9,1,2,LD,FO,3
40,6,10,1,2,LD,FO,4
40,6,11,1,1,LD,dO,5
40,7,1,1,2,LD,FO,0
40,7,2,1,2,LD,FO,2
40,7,3,1,2,LD,FO,3
40,7,4,1,2,LD,FO,8
40,7,5,1,2,LD,FO,10
40,7,6,1,2,LD,FO,11
40,7,7,1,2,LD,FO,13
40,7,8,1,2,LD,FO,0
40,7,9,1,2,LD,FO,2
40,7,10,1,2,LD,FO,3
40,7,11,1,1,LD,dO,4
40,8,1,1,2,LD,FO,0
40,8,2,1,2,LD,FO,2
40,8,3,1,2,LD,FO,3
40,8,4,1,2,LD,FO,7
40,8,5,1,2,LD,FO,8
40,8,6,1,2,LD,FO,10
40,8,7,1,2,LD,FO,11
40,8,8,1,2,LD,FO,13
40,8,9,1,2,LD,FO,0
40,8,10,1,2,LD,FO,2
40,8,11,0,0,LD,cO,3
40,9,1,1,2,LD,FO,0
40,9,2,1,2,LD,FO,2
40,9,3,1,2,LD,FO,3
40,9,4,1,2,LD,FO,7
40,9,5,1,2,LD,FO,6
40,9,6,1,2,LD,FO,8
40,9,7,1,2,LD,FO,10
40,9,8,1,2,LD,FO,11
40,9,9,1,2,LD,FO,13
40,9,10,1,1,LD,aO,0
40,10,2,1,1,LD,aO,2
40,10,3,1,2,LD,bO,3
40,10,4,1,2,LD,FO,7
40,10,5,1,2,LD,FO,6
40,10,6,1,2,LD,FO,6
40,10,7,1,2,LD,FO,8
40,10,8,1,2,LD,bO,10
40,10,9,1,1,LD,aO,11
40,11,5,0,0,LD,cO,6
40,11,6,0,0,LD,cO,6
40,11,7,0,0,LD,cO,8
41,0,3,1,2,LD,FM,6
41,0,4,1,2,LD,FM,6
41,0,5,1,2,LD,FO,6
41,0,6,1,2,LD,FO,6
41,0,7,1,2,LD,FO,6
41,1,3,1,2,LD,bM,5
41,1,4,1,2,LD,FM,5
41,1,5,1,2,LD,FO,5
41,1,6,1,2,LD,FO,5
41,1,7,1,2,LD,FO,5
41,1,8,1,1,LD,aO,5
41,2,3,1,2,LD,bM,1
41,2,4,1,2,LD,FM,3
41,2,5,1,2,LD,FO,4
41,2,6,1,2,LD,FO,4
41,2,7,1,2,LD,FO,4
41,2,8,1,2,LD,bO,4
41,3,0,1,1,LD,aM,0
41,3,2,1,1,LD,aM,7
41,3,3,1,2,LD,FM,0
41,3,4,1,2,LD,FM,1
41,3,5,1,2,LD,FO,3
41,3,6,1,2,LD,FO,2
41,3,7,1,2,LD,FO,2
41,3,8,1,2,LD,FO,2
41,4,0,1,2,LD,FM,0
41,4,1,1,2,LD,FM,1
41,4,2,1,2,LD,FM,6
41,4,3,1,2,LD,FM,7
41,4,4,1,2,LD,FM,0
41,4,5,1,2,LD,FO,1
41,4,6,1,2,LD,FO,3
41,4,7,1,2,LD,FO,2
41,4,8,1,2,LD,FO,2
41,4,9,0,0,LD,cO,2
41,5,0,1,2,LD,FO,0
41,5,1,1,2,LD,FO,1
41,5,2,1,2,LD,FO,2
41,5,3,1,2,LD,FO,6
41,5,4,1,2,LD,FO,7
41,5,5,1,2,LD,FO,0
41,5,6,1,2,LD,FO,1
41,5,7,1,2,LD,FO,3
41,5,8,1,2,LD,FO,2
41,5,9,0,0,LD,cO,2
41,6,0,1,2,LD,FO,0
41,6,1,1,2,LD,FO,1
41,6,2,1,2,LD,FO,2
41,6,3,1,2,LD,FO,5
41,6,4,1,2,LD,FO,6
41,6,5,1,2,LD,FO,7
41,6,6,1,2,LD,FO,0
41,6,7,1,2,LD,FO,1
41,6,8,1,2,LD,bO,3
41,7,0,1,2,LD,FO,0
41,7,1,1,2,LD,FO,1
41,7,2,1,2,LD,FO,2
41,7,3,1,2,LD,FO,3
41,7,4,1,2,LD,FO,5
41,7,5,1,2,LD,FO,6
41,7,6,1,2,LD,FO,7
41,7,7,1,2,LD,FO,0
41,7,8,1,1,LD,aO,1
41,8,0,1,1,LD,aO,0
41,8,1,1,2,LD,FO,1
41,8,2,1,2,LD,FO,2
41,8,3,1,2,LD,FO,3
41,8,4,1,2,LD,FO,4
41,8,5,1,2,LD,FO,5
41,8,6,1,2,LD,FO,6
41,8,7,1,1,LD,aO,7
41,9,2,0,0,LD,cO,2
41,9,3,1,1,LD,dO,3
41,9,4,1,1,LD,dO,4
41,9,5,1,1,LD,dO,4
41,9,6,0,0,LD,cO,5
42,1,4,1,1,LD,aM,6
42,1,5,1,2,LD,FM,6
42,1,6,1,2,LD,FO,6
42,1,7,1,2,LD,FO,6
42,1,8,1,2,LD,FO,6
42,1,9,1,1,LD,aO,6
42,2,5,1,2,LD,FM,5
42,2,6,1,2,LD,FO,5
42,2,7,1,2,LD,FO,5
42,2,8,1,2,LD,FO,5
42,2,9,1,2,LD,FO,5
42,3,4,1,1,LD,aM,0
42,3,5,1,2,LD,FM,1
42,3,6,1,2,LD,FO,3
42,3,7,1,2,LD,FO,4
42,3,8,1,2,LD,FO,4
42,3,9,1,2,LD,FO,4
42,3,10,0,0,LD,cO,4
42,4,1,1,2,LD,FM,0
42,4,2,1,2,LD,bM,1
42,4,3,1,2,LD,bM,6
42,4,4,1,2,LD,FM,7
42,4,5,1,2,LD,FM,0
42,4,6,1,2,LD,FO,1
42,4,7,1,2,LD,FO,3
42,4,8,1,2,LD,FO,2
42,4,9,1,2,LD,FO,2
42,4,10,1,1,LD,dO,2
42,5,1,1,2,LD,FO,0
42,5,2,1,2,LD,FM,1
42,5,3,1,2,LD,FM,2
42,5,4,1,2,LD,FM,6
42,5,5,1,2,LD,FO,7
42,5,6,1,2,LD,FO,0
42,5,7,1,2,LD,FO,1
42,5,8,1,2,LD,FO,3
42,5,9,1,2,LD,FO,2
42,5,10,1,1,LD,dO,2
42,6,1,1,2,LD,FO,0
42,6,2,1,2,LD,FO,1
42,6,3,1,2,LD,FO,2
42,6,4,1,2,LD,FO,5
42,6,5,1,2,LD,FO,6
42,6,6,1,2,LD,FO,7
42,6,7,1,2,LD,FO,0
42,6,8,1,2,LD,FO,1
42,6,9,1,2,LD,FO,3
42,6,10,1,1,LD,dO,2
42,7,1,1,2,LD,FO,0
42,7,2,1,2,LD,FO,1
42,7,3,1,2,LD,FO,2
42,7,4,1,2,LD,FO,4
42,7,5,1,2,LD,FO,5
42,7,6,1,2,LD,FO,6
42,7,7,1,2,LD,FO,7
42,7,8,1,2,LD,FO,0
42,7,9,1,2,LD,FO,1
42,7,10,0,0,LD,cO,3
42,8,1,1,2,LD,FO,0
42,8,2,1,2,LD,FO,1
42,8,3,1,2,LD,FO,2
42,8,4,1,2,LD,FO,4
42,8,5,1,2,LD,FO,3
42,8,6,1,2,LD,FO,5
42,8,7,1,2,LD,FO,6
42,8,8,1,2,LD,FO,7
42,8,9,1,1,LD,aO,0
42,9,2,1,1,LD,aO,1
42,9,3,1,2,LD,bO,2
42,9,4,1,2,LD,FO,4
42,9,5,1,2,LD,FO,3
42,9,6,1,2,LD,FO,3
42,9,7,1,2,LD,bO,5
42,9,8,1,1,LD,aO,6
42,10,5,0,0,LD,cO,3
42,10,6,0,0,LD,cO,3
43,0,3,1,2,LD,FM,5
43,0,4,1,2,LD,FO,5
43,0,5,1,2,LD,FO,5
43,0,6,1,2,LD,FO,5
43,1,3,1,2,LD,bM,4
43,1,4,1,2,LD,FM,4
43,1,5,1,2,LD,FO,4
43,1,6,1,2,LD,FO,4
43,1,7,1,1,LD,aO,4
43,2,3,1,2,LD,bM,1
43,2,4,1,2,LD,FM,2
43,2,5,1,2,LD,FO,3
43,2,6,1,2,LD,FO,3
43,2,7,1,2,LD,bO,3
43,3,0,1,1,LD,aM,0
43,3,2,1,1,LD,aM,5
43,3,3,1,2,LD,FM,0
43,3,4,1,2,LD,FM,1
43,3,5,1,2,LD,FO,2
43,3,6,1,2,LD,FO,3
43,3,7,1,2,LD,bO,3
43,4,0,1,2,LD,FM,0
43,4,1,1,2,LD,FM,1
43,4,2,1,2,LD,FM,4
43,4,3,1,2,LD,FM,5
43,4,4,1,2,LD,FO,0
43,4,5,1,2,LD,FO,1
43,4,6,1,2,LD,FO,2
43,4,7,1,2,LD,bO,3
43,5,0,1,2,LD,FO,0
43,5,1,1,2,LD,FO,1
43,5,2,1,2,LD,FO,2
43,5,3,1,2,LD,FO,4
43,5,4,1,2,LD,FO,5
43,5,5,1,2,LD,FO,0
43,5,6,1,2,LD,FO,1
43,5,7,1,2,LD,bO,2
43,6,0,1,2,LD,FO,0
43,6,1,1,2,LD,FO,1
43,6,2,1,2,LD,FO,2
43,6,3,1,2,LD,FO,3
43,6,4,1,2,LD,FO,4
43,6,5,1,2,LD,FO,5
43,6,6,1,2,LD,FO,0
43,6,7,1,1,LD,aO,1
43,7,0,1,1,LD,aO,0
43,7,1,1,2,LD,FO,1
43,7,2,1,2,LD,FO,2
43,7,3,1,2,LD,FO,3
43,7,4,1,2,LD,FO,3
43,7,5,1,2,LD,FO,4
43,7,6,1,1,LD,aO,5
43,8,2,0,0,LD,cO,2
43,8,3,0,0,LD,cO,3
43,8,4,0,0,LD,cO,3
43,8,5,0,0,LD,cO,4
44,1,4,1,1,LD,aM,5
44,1,5,1,2,LD,FM,5
44,1,6,1,2,LD,FO,5
44,1,7,1,2,LD,FO,5
44,1,8,1,1,LD,aO,5
44,2,5,1,2,LD,FM,4
44,2,6,1,2,LD,FO,4
44,2,7,1,2,LD,FO,4
44,2,8,1,2,LD,FO,4
44,3,4,1,1,LD,aM,0
44,3,5,1,2,LD,FM,1
44,3,6,1,2,LD,FO,2
44,3,7,1,2,LD,FO,3
44,3,8,1,2,LD,FO,3
44,3,9,0,0,LD,cO,4
44,4,1,1,2,LD,FM,0
44,4,2,1,2,LD,bM,1
44,4,3,1,2,LD,bM,5
44,4,4,1,2,LD,FM,6
44,4,5,1,2,LD,FM,0
44,4,6,1,2,LD,FO,1
44,4,7,1,2,LD,FO,2
44,4,8,1,2,LD,FO,3
44,4,9,0,0,LD,cO,3
44,5,1,1,2,LD,FO,0
44,5,2,1,2,LD,FM,1
44,5,3,1,2,LD,FM,2
44,5,4,1,2,LD,FM,5
44,5,5,1,2,LD,FO,6
44,5,6,1,2,LD,FO,0
44,5,7,1,2,LD,FO,1
44,5,8,1,2,LD,FO,2
44,5,9,0,0,LD,cO,3
44,6,1,1,2,LD,FO,0
44,6,2,1,2,LD,FO,1
44,6,3,1,2,LD,FO,2
44,6,4,1,2,LD,FO,4
44,6,5,1,2,LD,FO,5
44,6,6,1,2,LD,FO,6
44,6,7,1,2,LD,FO,0
44,6,8,1,2,LD,FO,1
44,6,9,0,0,LD,cO,2
44,7,1,1,2,LD,FO,0
44,7,2,1,2,LD,FO,1
44,7,3,1,2,LD,FO,2
44,7,4,1,2,LD,FO,3
44,7,5,1,2,LD,FO,4
44,7,6,1,2,LD,FO,5
44,7,7,1,2,LD,FO,6
44,7,8,1,1,LD,aO,0
44,8,2,1,1,LD,aO,1
44,8,3,1,2,LD,bO,2
44,8,4,1,2,LD,bO,3
44,8,5,1,2,LD,bO,3
44,8,6,1,2,LD,bO,4
44,8,7,1,1,LD,aO,5
45,0,3,1,2,LD,FM,5
45,0,4,1,2,LD,FO,5
45,0,5,1,2,LD,FO,5
45,0,6,1,2,LD,FO,5
45,1,3,1,2,LD,bM,4
45,1,4,1,2,LD,FO,4
45,1,5,1,2,LD,FO,4
45,1,6,1,2,LD,FO,4
45,1,7,1,1,LD,aO,4
45,2,3,1,2,LD,bM,1
45,2,4,1,2,LD,FM,2
45,2,5,1,2,LD,FO,3
45,2,6,1,2,LD,FO,3
45,2,7,1,2,LD,bO,3
45,3,0,1,1,LD,aM,0
45,3,2,1,1,LD,aM,4
45,3,3,1,2,LD,FM,0
45,3,4,1,2,LD,FO,1
45,3,5,1,2,LD,FO,2
45,3,6,1,2,LD,FO,3
45,3,7,1,2,LD,bO,3
45,4,0,1,2,LD,FM,0
45,4,1,1,2,LD,FM,1
45,4,2,1,2,LD,FM,3
45,4,3,1,2,LD,FM,4
45,4,4,1,2,LD,FO,0
45,4,5,1,2,LD,FO,1
45,4,6,1,2,LD,FO,2
45,4,7,1,2,LD,bO,3
45,5,0,1,2,LD,FO,0
45,5,1,1,2,LD,FO,1
45,5,2,1,2,LD,FO,2
45,5,3,1,2,LD,FO,3
45,5,4,1,2,LD,FO,4
45,5,5,1,2,LD,FO,0
45,5,6,1,2,LD,FO,1
45,5,7,1,2,LD,bO,2
45,6,0,1,2,LD,FO,0
45,6,1,1,2,LD,FO,1
45,6,2,1,2,LD,FO,2
45,6,3,1,2,LD,FO,2
45,6,4,1,2,LD,FO,3
45,6,5,1,2,LD,FO,4
45,6,6,1,2,LD,FO,0
45,6,7,1,1,LD,aO,1
45,7,0,1,1,LD,aO,0
45,7,1,1,2,LD,FO,1
45,7,2,1,2,LD,FO,2
45,7,3,1,2,LD,FO,2
45,7,4,1,2,LD,FO,2
45,7,5,1,2,LD,FO,3
45,7,6,1,1,LD,aO,4
45,8,2,0,0,LD,cO,1
45,8,3,0,0,LD,cO,2
45,8,4,0,0,LD,cO,2
45,8,5,0,0,LD,cO,3
46,1,4,1,1,LD,aM,4
46,1,5,1,2,LD,FO,4
46,1,6,1,2,LD,FO,4
46,1,7,1,2,LD,FO,4
46,1,8,1,1,LD,aO,4
46,2,5,1,2,LD,FM,3
46,2,6,1,2,LD,FO,3
46,2,7,1,2,LD,FO,3
46,2,8,1,2,LD,FO,3
46,3,4,1,1,LD,aM,0
46,3,5,1,2,LD,FM,1
46,3,6,1,2,LD,FO,2
46,3,7,1,2,LD,FO,2
46,3,8,1,2,LD,FO,2
46,3,9,0,0,LD,cO,2
46,4,1,1,2,LD,FM,0
46,4,2,1,2,LD,bM,1
46,4,3,1,2,LD,bM,4
46,4,4,1,2,LD,FM,5
46,4,5,1,2,LD,FO,0
46,4,6,1,2,LD,FO,1
46,4,7,1,2,LD,FO,2
46,4,8,1,2,LD,FO,2
46,4,9,0,0,LD,cO,2
46,5,1,1,2,LD,FO,0
46,5,2,1,2,LD,FO,1
46,5,3,1,2,LD,FO,3
46,5,4,1,2,LD,FO,4
46,5,5,1,2,LD,FO,5
46,5,6,1,2,LD,FO,0
46,5,7,1,2,LD,FO,1
46,5,8,1,2,LD,FO,2
46,5,9,0,0,LD,cO,2
46,6,1,1,2,LD,FO,0
46,6,2,1,2,LD,FO,1
46,6,3,1,2,LD,FO,2
46,6,4,1,2,LD,FO,3
46,6,5,1,2,LD,FO,4
46,6,6,1,2,LD,FO,5
46,6,7,1,2,LD,FO,0
46,6,8,1,2,LD,FO,1
46,6,9,0,0,LD,cO,1
46,7,1,1,2,LD,FO,0
46,7,2,1,2,LD,FO,1
46,7,3,1,2,LD,FO,2
46,7,4,1,2,LD,FO,2
46,7,5,1,2,LD,FO,3
46,7,6,1,2,LD,FO,4
46,7,7,1,2,LD,FO,5
46,7,8,1,1,LD,aO,0
46,8,2,1,1,LD,aO,1
46,8,3,1,2,LD,bO,2
46,8,4,1,2,LD,bO,2
46,8,5,1,2,LD,bO,2
46,8,6,1,2,LD,bO,3
46,8,7,1,1,LD,aO,4
47,0,3,1,2,LD,FM,4
47,0,4,1,2,LD,FO,4
47,0,5,1,2,LD,FO,4
47,1,3,1,2,LD,bM,3
47,1,4,1,2,LD,FO,3
47,1,5,1,2,LD,FO,3
47,1,6,1,1,LD,aO,3
47,2,3,1,2,LD,bM,1
47,2,4,1,2,LD,FO,2
47,2,5,1,2,LD,FO,2
47,2,6,1,2,LD,bO,2
47,3,0,1,1,LD,aM,0
47,3,2,1,1,LD,aM,4
47,3,3,1,2,LD,FM,0
47,3,4,1,2,LD,FO,1
47,3,5,1,2,LD,FO,2
47,3,6,1,2,LD,bO,2
47,4,0,1,2,LD,FO,0
47,4,1,1,2,LD,FM,2
47,4,2,1,2,LD,FM,3
47,4,3,1,2,LD,FO,4
47,4,4,1,2,LD,FO,0
47,4,5,1,2,LD,FO,1
47,4,6,1,2,LD,bO,2
47,5,0,1,2,LD,FO,0
47,5,1,1,2,LD,FO,2
47,5,2,1,2,LD,FO,1
47,5,3,1,2,LD,FO,3
47,5,4,1,2,LD,FO,4
47,5,5,1,2,LD,FO,0
47,5,6,1,1,LD,aO,1
47,6,0,1,1,LD,aO,0
47,6,1,1,2,LD,FO,2
47,6,2,1,2,LD,FO,1
47,6,3,1,2,LD,FO,1
47,6,4,1,2,LD,FO,3
47,6,5,1,1,LD,aO,4
47,7,2,0,0,LD,cO,1
47,7,3,0,0,LD,cO,1
47,7,4,0,0,LD,cO,3
48,1,4,1,1,LD,aM,4
48,1,5,1,2,LD,FO,4
48,1,6,1,2,LD,FO,4
48,1,7,1,1,LD,aO,4
48,2,5,1,2,LD,FM,3
48,2,6,1,2,LD,FO,3
48,2,7,1,2,LD,FO,3
48,3,4,1,1,LD,aM,0
48,3,5,1,2,LD,FM,1
48,3,6,1,2,LD,FO,2
48,3,7,1,2,LD,FO,2
48,3,8,0,0,LD,cO,2
48,4,1,1,2,LD,FM,0
48,4,2,1,2,LD,bM,1
48,4,3,1,2,LD,bM,3
48,4,4,1,2,LD,FM,4
48,4,5,1,2,LD,FO,0
48,4,6,1,2,LD,FO,1
48,4,7,1,2,LD,FO,2
48,4,8,0,0,LD,cO,2
48,5,1,1,2,LD,FO,0
48,5,2,1,2,LD,FO,1
48,5,3,1,2,LD,FO,2
48,5,4,1,2,LD,FO,3
48,5,5,1,2,LD,FO,4
48,5,6,1,2,LD,FO,0
48,5,7,1,2,LD,FO,1
48,5,8,0,0,LD,cO,1
48,6,1,1,2,LD,FO,0
48,6,2,1,2,LD,FO,1
48,6,3,1,2,LD,FO,2
48,6,4,1,2,LD,FO,2
48,6,5,1,2,LD,FO,3
48,6,6,1,2,LD,FO,4
48,6,7,1,1,LD,aO,0
48,7,2,1,1,LD,aO,1
48,7,3,1,2,LD,bO,2
48,7,4,1,2,LD,bO,2
48,7,5,1,2,LD,bO,2
48,7,6,1,1,LD,aO,3
49,0,3,1,2,LD,FM,4
49,0,4,1,2,LD,FO,4
49,0,5,1,2,LD,FO,4
49,1,3,1,2,LD,bM,3
49,1,4,1,2,LD,FO,3
49,1,5,1,2,LD,FO,3
49,1,6,1,1,LD,aO,3
49,2,3,1,2,LD,bM,1
49,2,4,1,2,LD,FO,2
49,2,5,1,2,LD,FO,2
49,2,6,1,2,LD,bO,2
49,3,0,1,1,LD,aM,0
49,3,2,1,1,LD,aM,4
49,3,3,1,2,LD,FM,0
49,3,4,1,2,LD,FO,1
49,3,5,1,2,LD,FO,2
49,3,6,1,2,LD,bO,2
49,4,0,1,2,LD,FO,0
49,4,1,1,2,LD,FO,2
49,4,2,1,2,LD,FO,3
49,4,3,1,2,LD,FO,4
49,4,4,1,2,LD,FO,0
49,4,5,1,2,LD,FO,1
49,4,6,1,2,LD,bO,2
49,5,0,1,2,LD,FO,0
49,5,1,1,2,LD,FO,2
49,5,2,1,2,LD,FO,1
49,5,3,1,2,LD,FO,3
49,5,4,1,2,LD,FO,4
49,5,5,1,2,LD,FO,0
49,5,6,1,1,LD,aO,1
49,6,0,1,1,LD,aO,0
49,6,1,1,2,LD,FO,2
49,6,2,1,2,LD,FO,1
49,6,3,1,2,LD,FO,1
49,6,4,1,2,LD,FO,3
49,6,5,1,1,LD,aO,4
49,7,2,0,0,LD,cO,1
49,7,3,0,0,LD,cO,1
49,7,4,0,0,LD,cO,3
50,1,4,1,1,LD,aO,4
50,1,5,1,2,LD,FO,4
50,1,6,1,2,LD,FO,4
50,1,7,1,1,LD,aO,4
50,2,5,1,2,LD,FO,3
50,2,6,1,2,LD,FO,3
50,2,7,1,2,LD,FO,3
50,3,4,1,1,LD,aO,0
50,3,5,1,2,LD,FO,2
50,3,6,1,2,LD,FO,2
50,3,7,1,2,LD,FO,2
50,3,8,0,0,LD,cO,3
50,4,1,1,2,LD,FO,0
50,4,2,1,2,LD,bM,1
50,4,3,1,2,LD,bM,4
50,4,4,1,2,LD,FO,5
50,4,5,1,2,LD,FO,0
50,4,6,1,2,LD,FO,1
50,4,7,1,2,LD,FO,1
50,4,8,0,0,LD,cO,2
50,5,1,1,2,LD,FO,0
50,5,2,1,2,LD,FO,1
50,5,3,1,2,LD,FO,2
50,5,4,1,2,LD,FO,4
50,5,5,1,2,LD,FO,5
50,5,6,1,2,LD,FO,0
50,5,7,1,2,LD,FO,1
50,5,8,0,0,LD,cO,1
50,6,1,1,2,LD,FO,0
50,6,2,1,2,LD,FO,1
50,6,3,1,2,LD,FO,2
50,6,4,1,2,LD,FO,3
50,6,5,1,2,LD,FO,4
50,6,6,1,2,LD,FO,5
50,6,7,1,1,LD,aO,0
50,7,2,1,1,LD,aO,1
50,7,3,1,2,LD,bO,2
50,7,4,1,2,LD,bO,3
50,7,5,1,2,LD,bO,3
50,7,6,1,1,LD,aO,4
